,TTF_Price,Avg_Temp_C,HDD,Predicted_Price,Residuals
2022-01-03,80.43399810791016,8.8,9.2,59.71152757987058,20.72247052803958
2022-01-04,88.74099731445312,6.3,11.7,58.24996650516202,30.491030809291104
2022-01-05,91.52200317382812,5.3,12.7,57.6653420752786,33.85666109854952
2022-01-06,96.50199890136719,3.4,14.6,56.55455565850011,39.94744324286708
2022-01-07,88.17400360107422,3.4,14.6,56.55455565850011,31.619447942574112
2022-01-08,88.17400360107422,3.7,14.3,56.72994298746513,31.44406061360909
2022-01-09,88.17400360107422,5.0,13.0,57.48995474631358,30.68404885476064
2022-01-10,84.60700225830078,1.7,16.3,55.560694127698284,29.046308130602497
2022-01-11,78.73600006103516,2.0,16.0,55.736081456663314,22.999918604371842
2022-01-12,75.15299987792969,3.7,14.3,56.72994298746513,18.423056890464558
2022-01-13,85.45999908447266,5.5,12.5,57.78226696125529,27.677732123217368
2022-01-14,86.97000122070312,5.8,12.2,57.95765429022031,29.012346930482813
2022-01-15,86.97000122070312,3.4,14.6,56.55455565850011,30.41544556220302
2022-01-16,86.97000122070312,6.2,11.8,58.191504062173685,28.77849715852944
2022-01-17,86.97000122070312,6.5,11.5,58.36689139113871,28.603109829564417
2022-01-18,78.33399963378906,5.4,12.6,57.723804518266945,20.610195115522117
2022-01-19,75.60199737548828,4.7,13.3,57.31456741734855,18.287429958139732
2022-01-20,75.2030029296875,4.4,13.6,57.139180088383526,18.063822841303974
2022-01-21,78.9800033569336,5.2,12.8,57.60687963229026,21.373123724643335
2022-01-22,78.9800033569336,6.4,11.6,58.308428948150365,20.67157440878323
2022-01-23,78.9800033569336,5.9,12.1,58.016116733208655,20.96388662372494
2022-01-24,93.0,4.2,13.8,57.02225520240684,35.97774479759316
2022-01-25,93.58200073242188,2.6,15.4,56.08685611459337,37.49514461782851
2022-01-26,91.83699798583984,4.5,13.5,57.19764253137187,34.639355454467974
2022-01-27,92.3010025024414,7.1,10.9,58.71766604906876,33.583336453372645
2022-01-28,92.06199645996094,6.5,11.5,58.36689139113871,33.69510506882223
2022-01-29,92.06199645996094,9.1,8.9,59.88691490883561,32.17508155112533
2022-01-30,92.06199645996094,6.1,11.9,58.13304161918534,33.928954840775596
2022-01-31,84.6719970703125,5.8,12.2,57.95765429022031,26.71434278009219
2022-02-01,76.16699981689453,7.4,10.6,58.89305337803379,17.27394643886074
2022-02-02,77.35099792480469,8.0,10.0,59.243828035963844,18.107169888840843
2022-02-03,80.2229995727539,7.2,10.8,58.776128492057104,21.446871080696802
2022-02-04,82.6520004272461,6.2,11.8,58.191504062173685,24.46049636507241
2022-02-05,82.6520004272461,6.3,11.7,58.24996650516202,24.402033922084073
2022-02-06,82.6520004272461,7.2,10.8,58.776128492057104,23.87587193518899
2022-02-07,79.59500122070312,5.9,12.1,58.016116733208655,21.57888448749447
2022-02-08,77.30000305175781,9.3,8.7,60.003839794812286,17.296163256945526
2022-02-09,74.41699981689453,8.6,9.4,59.59460269389389,14.822397123000641
2022-02-10,74.35299682617188,6.6,11.4,58.42535383412705,15.927642992044824
2022-02-11,77.4260025024414,4.5,13.5,57.19764253137187,20.228359971069537
2022-02-12,77.4260025024414,2.8,15.2,56.20378100057005,21.222221501871353
2022-02-13,77.4260025024414,5.6,12.4,57.84072940424363,19.585273098197774
2022-02-14,80.77100372314453,9.1,8.9,59.88691490883561,20.884088814308924
2022-02-15,70.91899871826172,6.8,11.2,58.54227872010374,12.37671999815798
2022-02-16,69.79499816894531,10.3,7.699999999999999,60.58846422469571,9.2065339442496
2022-02-17,74.91400146484375,8.3,9.7,59.41921536492887,15.494786099914883
2022-02-18,73.76200103759766,8.0,10.0,59.243828035963844,14.518173001633812
2022-02-19,73.76200103759766,5.4,12.6,57.723804518266945,16.03819651933071
2022-02-20,73.76200103759766,7.8,10.2,59.12690314998716,14.635097887610499
2022-02-21,73.76200103759766,6.3,11.7,58.24996650516202,15.512034532435635
2022-02-22,79.78900146484375,7.2,10.8,58.776128492057104,21.012872972786646
2022-02-23,88.89099884033203,7.8,10.2,59.12690314998716,29.764095690344874
2022-02-24,134.3159942626953,5.9,12.1,58.016116733208655,76.29987752948665
2022-02-25,94.4219970703125,5.0,13.0,57.48995474631358,36.93204232399892
2022-02-26,94.4219970703125,3.4,14.6,56.55455565850011,37.86744141181239
2022-02-27,94.4219970703125,4.2,13.8,57.02225520240684,37.39974186790566
2022-02-28,98.59500122070312,4.3,13.7,57.08071764539518,41.51428357530794
2022-03-01,121.67400360107422,4.5,13.5,57.19764253137187,64.47636106970235
2022-03-02,165.54299926757812,5.5,12.5,57.78226696125529,107.76073230632284
2022-03-03,160.822998046875,4.3,13.7,57.08071764539518,103.74228040147982
2022-03-04,192.5500030517578,3.8,14.2,56.78840543045347,135.76159762130433
2022-03-05,192.5500030517578,1.7,16.3,55.560694127698284,136.98930892405951
2022-03-06,192.5500030517578,2.7,15.3,56.14531855758171,136.4046844941761
2022-03-07,227.2010040283203,2.6,15.4,56.08685611459337,171.11414791372695
2022-03-08,214.5540008544922,4.2,13.8,57.02225520240684,157.53174565208536
2022-03-09,155.8800048828125,5.5,12.5,57.78226696125529,98.09773792155721
2022-03-10,126.39900207519531,7.4,10.6,58.89305337803379,67.50594869716153
2022-03-11,131.22900390625,9.2,8.8,59.94537735182394,71.28362655442606
2022-03-12,131.22900390625,10.5,7.5,60.70538911067239,70.5236147955776
2022-03-13,131.22900390625,11.4,6.6,61.231551097567475,69.99745280868252
2022-03-14,114.52200317382812,9.0,9.0,59.82845246584726,54.69355070798086
2022-03-15,115.43900299072266,8.4,9.6,59.47767780791721,55.961325182805446
2022-03-16,102.62300109863281,9.2,8.8,59.94537735182394,42.67762374680887
2022-03-17,105.08799743652344,8.0,10.0,59.243828035963844,45.84416940055959
2022-03-18,105.04399871826172,7.9,10.1,59.1853655929755,45.85863312528622
2022-03-19,105.04399871826172,7.8,10.2,59.12690314998716,45.91709556827456
2022-03-20,105.04399871826172,5.2,12.8,57.60687963229026,47.43711908597146
2022-03-21,96.302001953125,7.4,10.6,58.89305337803379,37.40894857509121
2022-03-22,98.74700164794922,10.8,7.199999999999999,60.88077643963742,37.866225208311796
2022-03-23,117.0009994506836,10.3,7.699999999999999,60.58846422469571,56.41253522598788
2022-03-24,111.60800170898438,10.0,8.0,60.41307689573068,51.19492481325369
2022-03-25,101.26899719238281,8.4,9.6,59.47767780791721,41.7913193844656
2022-03-26,101.26899719238281,9.4,8.6,60.06230223780063,41.20669495458218
2022-03-27,101.26899719238281,9.4,8.6,60.06230223780063,41.20669495458218
2022-03-28,102.54499816894531,8.1,9.9,59.30229047895218,43.24270768999313
2022-03-29,108.38099670410156,7.9,10.1,59.1853655929755,49.19563111112606
2022-03-30,118.97000122070312,5.7,12.3,57.899191847231975,61.07080937347115
2022-03-31,125.90599822998047,2.7,15.3,56.14531855758171,69.76067967239877
2022-04-01,112.1500015258789,3.0,15.0,56.32070588654673,55.82929563933217
2022-04-02,112.1500015258789,3.0,15.0,56.32070588654673,55.82929563933217
2022-04-03,112.1500015258789,3.1,14.9,56.37916832953508,55.77083319634383
2022-04-04,109.52300262451172,7.4,10.6,58.89305337803379,50.62994924647793
2022-04-05,108.56400299072266,9.6,8.4,60.179227123777316,48.38477586694534
2022-04-06,106.79100036621094,9.8,8.2,60.296152009753996,46.49484835645694
2022-04-07,104.56400299072266,8.4,9.6,59.47767780791721,45.086325182805446
2022-04-08,103.88200378417969,6.3,11.7,58.24996650516202,45.632037279017666
2022-04-09,103.88200378417969,6.0,12.0,58.074579176197,45.80742460798269
2022-04-10,103.88200378417969,6.1,11.9,58.13304161918534,45.748962164994346
2022-04-11,100.13700103759766,9.1,8.9,59.88691490883561,40.25008612876205
2022-04-12,102.21900177001953,13.0,5.0,62.16695018538095,40.05205158463858
2022-04-13,105.3239974975586,12.5,5.5,61.87463797043924,43.449359527119356
2022-04-14,95.62000274658203,11.3,6.699999999999999,61.17308865457913,34.4469140920029
2022-04-15,95.62000274658203,8.8,9.2,59.71152757987058,35.908475166711455
2022-04-16,95.62000274658203,10.3,7.699999999999999,60.58846422469571,35.03153852188632
2022-04-17,95.62000274658203,10.6,7.4,60.763851553660736,34.856151192921295
2022-04-18,95.62000274658203,12.0,6.0,61.58232575549752,34.03767699108451
2022-04-19,93.76799774169922,11.9,6.1,61.523863312509185,32.244134429190034
2022-04-20,94.23100280761719,11.2,6.800000000000001,61.11462621159079,33.1163765960264
2022-04-21,100.06099700927734,11.7,6.300000000000001,61.4069384265325,38.654058582744845
2022-04-22,94.875,12.7,5.300000000000001,61.99156285641592,32.88343714358408
2022-04-23,94.875,13.2,4.800000000000001,62.28387507135763,32.59112492864237
2022-04-24,94.875,11.1,6.9,61.056163768602445,33.818836231397555
2022-04-25,92.83699798583984,9.0,9.0,59.82845246584726,33.00854551999258
2022-04-26,103.20800018310547,9.1,8.9,59.88691490883561,43.32108527426986
2022-04-27,107.427001953125,8.0,10.0,59.243828035963844,48.183173917161156
2022-04-28,100.14199829101562,8.4,9.6,59.47767780791721,40.664320483098415
2022-04-29,99.44999694824219,8.6,9.4,59.59460269389389,39.8553942543483
2022-04-30,99.44999694824219,8.2,9.8,59.360752921940524,40.089244026301664
2022-05-01,99.44999694824219,9.0,9.0,59.82845246584726,39.621544482394924
2022-05-02,97.0510025024414,10.3,7.699999999999999,60.58846422469571,36.46253827774569
2022-05-03,99.4260025024414,8.9,9.1,59.76999002285892,39.656012479582486
2022-05-04,103.82099914550781,10.0,8.0,60.41307689573068,43.40792224977713
2022-05-05,106.50800323486328,11.8,6.199999999999999,61.46540086952084,45.04260236534244
2022-05-06,101.70800018310547,13.4,4.6,62.400799957334314,39.307200225771155
2022-05-07,101.70800018310547,13.5,4.5,62.45926240032266,39.24873778278281
2022-05-08,101.70800018310547,10.8,7.199999999999999,60.88077643963742,40.827223743468046
2022-05-09,93.78700256347656,13.4,4.6,62.400799957334314,31.38620260614225
2022-05-10,98.8010025024414,15.3,2.6999999999999993,63.51158637411282,35.28941612832859
2022-05-11,94.01200103759766,14.5,3.5,63.04388683020608,30.96811420739158
2022-05-12,106.70099639892578,13.4,4.6,62.400799957334314,44.30019644159147
2022-05-13,96.88099670410156,13.5,4.5,62.45926240032266,34.421734303778905
2022-05-14,96.88099670410156,14.7,3.3000000000000007,63.160811716182764,33.7201849879188
2022-05-15,96.88099670410156,16.8,1.1999999999999993,64.38852301893795,32.49247368516362
2022-05-16,92.86000061035156,17.3,0.6999999999999993,64.68083523387966,28.1791653764719
2022-05-17,94.17500305175781,17.4,0.6000000000000014,64.73929767686799,29.43570537488982
2022-05-18,94.53800201416016,18.1,0.0,65.09007233479805,29.447929679362105
2022-05-19,91.02400207519531,16.5,1.5,64.21313568997292,26.810866385222397
2022-05-20,87.9020004272461,13.2,4.800000000000001,62.28387507135763,25.618125355888466
2022-05-21,87.9020004272461,13.4,4.6,62.400799957334314,25.50120046991178
2022-05-22,87.9020004272461,14.7,3.3000000000000007,63.160811716182764,24.74118871106333
2022-05-23,83.28800201416016,15.3,2.6999999999999993,63.51158637411282,19.77641564004734
2022-05-24,84.50700378417969,13.0,5.0,62.16695018538095,22.34005359879874
2022-05-25,88.0780029296875,13.4,4.6,62.400799957334314,25.677202972353186
2022-05-26,85.97100067138672,14.9,3.0999999999999996,63.27773660215944,22.693264069227276
2022-05-27,86.875,13.4,4.6,62.400799957334314,24.474200042665686
2022-05-28,86.875,11.9,6.1,61.523863312509185,25.351136687490815
2022-05-29,86.875,10.9,7.1,60.93923888262576,25.93576111737424
2022-05-30,86.875,10.6,7.4,60.763851553660736,26.111148446339264
2022-05-31,94.00399780273438,11.8,6.199999999999999,61.46540086952084,32.53859693321353
2022-06-01,85.5510025024414,11.7,6.300000000000001,61.4069384265325,24.144064075908908
2022-06-02,83.94499969482422,13.3,4.699999999999999,62.34233751434597,21.602662180478248
2022-06-03,83.10099792480469,15.6,2.4000000000000004,63.68697370307784,19.414024221726848
2022-06-04,83.10099792480469,14.7,3.3000000000000007,63.160811716182764,19.940186208621924
2022-06-05,83.10099792480469,16.0,2.0,63.92082347503121,19.180174449773475
2022-06-06,82.55799865722656,13.4,4.6,62.400799957334314,20.15719869989225
2022-06-07,79.60800170898438,13.8,4.199999999999999,62.63464972928768,16.973351979696695
2022-06-08,79.40699768066406,14.9,3.0999999999999996,63.27773660215944,16.12926107850462
2022-06-09,84.87999725341797,15.4,2.5999999999999996,63.57004881710116,21.30994843631681
2022-06-10,82.46399688720703,16.9,1.1000000000000014,64.44698546192629,18.017011425280742
2022-06-11,82.46399688720703,16.4,1.6000000000000014,64.15467324698457,18.30932364022246
2022-06-12,82.46399688720703,15.4,2.5999999999999996,63.57004881710116,18.89394807010587
2022-06-13,83.4020004272461,13.6,4.4,62.517724843311,20.884275583935093
2022-06-14,97.04000091552734,14.8,3.1999999999999993,63.21927415917111,33.82072675635624
2022-06-15,120.33200073242188,16.7,1.3000000000000007,64.3300605759496,56.00194015647227
2022-06-16,124.36399841308594,17.7,0.3000000000000007,64.91468500583302,59.449313407252916
2022-06-17,117.73799896240234,21.5,0.0,65.09007233479805,52.64792662760429
2022-06-18,117.73799896240234,19.0,0.0,65.09007233479805,52.64792662760429
2022-06-19,117.73799896240234,14.0,4.0,62.75157461526437,54.98642434713798
2022-06-20,117.73799896240234,14.5,3.5,63.04388683020608,54.69411213219627
2022-06-21,125.55999755859375,15.4,2.5999999999999996,63.57004881710116,61.98994874149259
2022-06-22,127.1709976196289,17.1,0.8999999999999986,64.56391034790298,62.60708727172593
2022-06-23,133.3470001220703,21.1,0.0,65.09007233479805,68.25692778727226
2022-06-24,128.5050048828125,18.9,0.0,65.09007233479805,63.41493254801445
2022-06-25,128.5050048828125,18.2,0.0,65.09007233479805,63.41493254801445
2022-06-26,128.5050048828125,17.1,0.8999999999999986,64.56391034790298,63.941094534909524
2022-06-27,129.45899963378906,15.8,2.1999999999999993,63.803898589054526,65.65510104473454
2022-06-28,129.17599487304688,17.4,0.6000000000000014,64.73929767686799,64.43669719617888
2022-06-29,139.58799743652344,19.7,0.0,65.09007233479805,74.49792510172539
2022-06-30,144.51400756835938,17.4,0.6000000000000014,64.73929767686799,79.77470989149138
2022-07-01,147.78399658203125,15.8,2.1999999999999993,63.803898589054526,83.98009799297672
2022-07-02,147.78399658203125,17.0,1.0,64.50544790491463,83.27854867711662
2022-07-03,147.78399658203125,16.1,1.8999999999999986,63.97928591801955,83.80471066401171
2022-07-04,147.78399658203125,16.6,1.3999999999999986,64.27159813296126,83.51239844906999
2022-07-05,165.072998046875,15.3,2.6999999999999993,63.51158637411282,101.56141167276218
2022-07-06,170.99899291992188,16.1,1.8999999999999986,63.97928591801955,107.01970700190233
2022-07-07,183.18299865722656,16.4,1.6000000000000014,64.15467324698457,119.02832541024199
2022-07-08,175.21200561523438,16.7,1.3000000000000007,64.3300605759496,110.88194503928477
2022-07-09,175.21200561523438,17.0,1.0,64.50544790491463,110.70655771031974
2022-07-10,175.21200561523438,16.5,1.5,64.21313568997292,110.99886992526146
2022-07-11,164.52000427246094,18.4,0.0,65.09007233479805,99.42993193766289
2022-07-12,172.60899353027344,20.0,0.0,65.09007233479805,107.51892119547539
2022-07-13,180.5050048828125,20.2,0.0,65.09007233479805,115.41493254801445
2022-07-14,175.0330047607422,16.0,2.0,63.92082347503121,111.11218128571097
2022-07-15,159.56700134277344,16.4,1.6000000000000014,64.15467324698457,95.41232809578887
2022-07-16,159.56700134277344,16.6,1.3999999999999986,64.27159813296126,95.29540320981218
2022-07-17,159.56700134277344,17.3,0.6999999999999993,64.68083523387966,94.88616610889378
2022-07-18,157.25799560546875,22.2,0.0,65.09007233479805,92.1679232706707
2022-07-19,154.45700073242188,26.7,0.0,65.09007233479805,89.36692839762382
2022-07-20,155.03799438476562,22.7,0.0,65.09007233479805,89.94792204996757
2022-07-21,155.60000610351562,18.1,0.0,65.09007233479805,90.50993376871757
2022-07-22,159.86399841308594,16.5,1.5,64.21313568997292,95.65086272311302
2022-07-23,159.86399841308594,18.2,0.0,65.09007233479805,94.77392607828789
2022-07-24,159.86399841308594,22.0,0.0,65.09007233479805,94.77392607828789
2022-07-25,176.61599731445312,19.9,0.0,65.09007233479805,111.52592497965507
2022-07-26,199.91799926757812,16.8,1.1999999999999993,64.38852301893795,135.52947624864018
2022-07-27,205.22500610351562,15.6,2.4000000000000004,63.68697370307784,141.53803240043777
2022-07-28,198.92999267578125,16.4,1.6000000000000014,64.15467324698457,134.77531942879668
2022-07-29,190.9149932861328,18.4,0.0,65.09007233479805,125.82492095133476
2022-07-30,190.9149932861328,18.3,0.0,65.09007233479805,125.82492095133476
2022-07-31,190.9149932861328,19.1,0.0,65.09007233479805,125.82492095133476
2022-08-01,200.79400634765625,18.1,0.0,65.09007233479805,135.7039340128582
2022-08-02,205.1739959716797,20.0,0.0,65.09007233479805,140.08392363688165
2022-08-03,199.19500732421875,21.7,0.0,65.09007233479805,134.1049349894207
2022-08-04,199.2480010986328,20.6,0.0,65.09007233479805,134.15792876383478
2022-08-05,196.32000732421875,16.7,1.3000000000000007,64.3300605759496,131.98994674826915
2022-08-06,196.32000732421875,15.7,2.3000000000000007,63.74543614606618,132.57457117815255
2022-08-07,196.32000732421875,16.2,1.8000000000000007,64.0377483610079,132.28225896321084
2022-08-08,193.05499267578125,17.4,0.6000000000000014,64.73929767686799,128.31569499891327
2022-08-09,192.1840057373047,18.9,0.0,65.09007233479805,127.09393340250664
2022-08-10,205.36700439453125,20.9,0.0,65.09007233479805,140.2769320597332
2022-08-11,208.11000061035156,22.9,0.0,65.09007233479805,143.01992827555353
2022-08-12,206.10800170898438,23.8,0.0,65.09007233479805,141.01792937418634
2022-08-13,206.10800170898438,23.7,0.0,65.09007233479805,141.01792937418634
2022-08-14,206.10800170898438,24.4,0.0,65.09007233479805,141.01792937418634
2022-08-15,220.11000061035156,21.8,0.0,65.09007233479805,155.01992827555353
2022-08-16,225.91400146484375,20.7,0.0,65.09007233479805,160.8239291300457
2022-08-17,225.8350067138672,19.4,0.0,65.09007233479805,160.74493437906915
2022-08-18,241.00399780273438,19.7,0.0,65.09007233479805,175.91392546793634
2022-08-19,244.5500030517578,19.6,0.0,65.09007233479805,179.45993071695978
2022-08-20,244.5500030517578,18.2,0.0,65.09007233479805,179.45993071695978
2022-08-21,244.5500030517578,17.6,0.3999999999999986,64.85622256284468,179.69378048891315
2022-08-22,276.74798583984375,19.0,0.0,65.09007233479805,211.6579135050457
2022-08-23,269.04901123046875,20.8,0.0,65.09007233479805,203.9589388956707
2022-08-24,292.1499938964844,22.2,0.0,65.09007233479805,227.05992156168634
2022-08-25,321.41400146484375,23.2,0.0,65.09007233479805,256.3239291300457
2022-08-26,339.1960144042969,18.6,0.0,65.09007233479805,274.10594206949884
2022-08-27,339.1960144042969,17.1,0.8999999999999986,64.56391034790298,274.6321040563939
2022-08-28,339.1960144042969,16.6,1.3999999999999986,64.27159813296126,274.92441627133564
2022-08-29,272.6029968261719,16.5,1.5,64.21313568997292,208.38986113619896
2022-08-30,252.93699645996094,18.0,0.0,65.09007233479805,187.8469241251629
2022-08-31,239.90699768066406,17.8,0.1999999999999993,64.97314744882136,174.9338502318427
2022-09-01,243.00399780273438,18.0,0.0,65.09007233479805,177.91392546793634
2022-09-02,214.6649932861328,18.8,0.0,65.09007233479805,149.57492095133478
2022-09-03,214.6649932861328,19.8,0.0,65.09007233479805,149.57492095133478
2022-09-04,214.6649932861328,19.8,0.0,65.09007233479805,149.57492095133478
2022-09-05,214.6649932861328,21.1,0.0,65.09007233479805,149.57492095133478
2022-09-06,239.8419952392578,20.6,0.0,65.09007233479805,174.75192290445978
2022-09-07,213.88299560546875,17.9,0.10000000000000142,65.03160989180971,148.85138571365906
2022-09-08,220.54100036621094,17.3,0.6999999999999993,64.68083523387966,155.86016513233128
2022-09-09,207.09100341796875,15.7,2.3000000000000007,63.74543614606618,143.34556727190255
2022-09-10,207.09100341796875,16.0,2.0,63.92082347503121,143.17017994293752
2022-09-11,207.09100341796875,16.6,1.3999999999999986,64.27159813296126,142.8194052850075
2022-09-12,190.58799743652344,17.9,0.10000000000000142,65.03160989180971,125.55638754471373
2022-09-13,198.61199951171875,18.1,0.0,65.09007233479805,133.5219271769207
2022-09-14,217.8820037841797,15.5,2.5,63.628511260089496,154.25349252409018
2022-09-15,214.2830047607422,15.1,2.9000000000000004,63.39466148813613,150.88834327260605
2022-09-16,187.79299926757812,13.1,4.9,62.22541262836929,125.56758663920883
2022-09-17,187.79299926757812,12.7,5.300000000000001,61.99156285641592,125.8014364111622
2022-09-18,187.79299926757812,11.7,6.300000000000001,61.4069384265325,126.38606084104563
2022-09-19,182.26199340820312,13.2,4.800000000000001,62.28387507135763,119.9781183368455
2022-09-20,194.25900268554688,12.3,5.699999999999999,61.75771308446255,132.50128960108432
2022-09-21,189.781005859375,12.6,5.4,61.933100413427574,127.84790544594742
2022-09-22,187.46800231933594,11.8,6.199999999999999,61.46540086952084,126.0026014498151
2022-09-23,185.4949951171875,13.5,4.5,62.45926240032266,123.03573271686484
2022-09-24,185.4949951171875,13.3,4.699999999999999,62.34233751434597,123.15265760284153
2022-09-25,185.4949951171875,11.9,6.1,61.523863312509185,123.97113180467832
2022-09-26,173.83399963378906,11.6,6.4,61.348475983544155,112.48552365024491
2022-09-27,186.0989990234375,9.4,8.6,60.06230223780063,126.03669678563688
2022-09-28,207.18699645996094,10.0,8.0,60.41307689573068,146.77391956423025
2022-09-29,187.6649932861328,9.8,8.2,60.296152009753996,127.36884127637882
2022-09-30,188.8000030517578,11.0,7.0,60.9977013256141,127.80230172614371
2022-10-01,188.8000030517578,13.8,4.199999999999999,62.63464972928768,126.16535332247014
2022-10-02,188.8000030517578,13.9,4.1,62.693112172276024,126.1068908794818
2022-10-03,169.91200256347656,13.3,4.699999999999999,62.34233751434597,107.56966504913059
2022-10-04,161.9499969482422,13.6,4.4,62.517724843311,99.43227210493119
2022-10-05,173.6929931640625,15.8,2.1999999999999993,63.803898589054526,109.88909457500797
2022-10-06,175.71200561523438,13.4,4.6,62.400799957334314,113.31120565790006
2022-10-07,156.20700073242188,13.8,4.199999999999999,62.63464972928768,93.5723510031342
2022-10-08,156.20700073242188,12.5,5.5,61.87463797043924,94.33236276198264
2022-10-09,156.20700073242188,10.7,7.300000000000001,60.82231399664908,95.38468673577279
2022-10-10,154.1179962158203,10.8,7.199999999999999,60.88077643963742,93.23721977618288
2022-10-11,156.781005859375,10.7,7.300000000000001,60.82231399664908,95.95869186272591
2022-10-12,160.19000244140625,9.8,8.2,60.296152009753996,99.89385043165225
2022-10-13,153.8090057373047,12.5,5.5,61.87463797043924,91.93436776686545
2022-10-14,141.9969940185547,12.4,5.6,61.816175527450895,80.18081849110379
2022-10-15,141.9969940185547,13.4,4.6,62.400799957334314,79.59619406122037
2022-10-16,141.9969940185547,14.2,3.8000000000000007,62.868499501241054,79.12849451731364
2022-10-17,127.97799682617188,15.0,3.0,63.33619904514779,64.64179778102408
2022-10-18,113.22200012207031,12.7,5.300000000000001,61.99156285641592,51.230437265654395
2022-10-19,112.51000213623047,9.9,8.1,60.35461445274234,52.15538768348813
2022-10-20,127.14700317382812,12.3,5.699999999999999,61.75771308446255,65.38929008936557
2022-10-21,113.57599639892578,14.7,3.3000000000000007,63.160811716182764,50.41518468274302
2022-10-22,113.57599639892578,14.6,3.4000000000000004,63.10234927319442,50.47364712573136
2022-10-23,113.57599639892578,14.9,3.0999999999999996,63.27773660215944,50.29825979676634
2022-10-24,99.16999816894531,14.5,3.5,63.04388683020608,36.126111338739236
2022-10-25,99.79399871826172,13.4,4.6,62.400799957334314,37.393198760927405
2022-10-26,104.31999969482422,14.9,3.0999999999999996,63.27773660215944,41.042263092664776
2022-10-27,107.38400268554688,15.8,2.1999999999999993,63.803898589054526,43.58010409649235
2022-10-28,112.24400329589844,16.0,2.0,63.92082347503121,48.323179820867225
2022-10-29,112.24400329589844,15.3,2.6999999999999993,63.51158637411282,48.73241692178562
2022-10-30,112.24400329589844,14.8,3.1999999999999993,63.21927415917111,49.02472913672733
2022-10-31,123.35199737548828,13.2,4.800000000000001,62.28387507135763,61.068122304130654
2022-11-01,116.19300079345703,14.2,3.8000000000000007,62.868499501241054,53.32450129221598
2022-11-02,125.86299896240234,12.1,5.9,61.640788198485865,64.22221076391648
2022-11-03,125.44499969482422,12.6,5.4,61.933100413427574,63.511899281396644
2022-11-04,114.78600311279297,9.4,8.6,60.06230223780063,54.72370087499234
2022-11-05,114.78600311279297,9.2,8.8,59.94537735182394,54.840625760969026
2022-11-06,114.78600311279297,10.4,7.6,60.64692666768405,54.13907644510892
2022-11-07,109.68299865722656,11.8,6.199999999999999,61.46540086952084,48.21759778770572
2022-11-08,118.14700317382812,13.0,5.0,62.16695018538095,55.98005298844718
2022-11-09,113.14399719238281,11.7,6.300000000000001,61.4069384265325,51.737058765850314
2022-11-10,113.4520034790039,12.3,5.699999999999999,61.75771308446255,51.694290394541355
2022-11-11,97.85299682617188,10.5,7.5,60.70538911067239,37.14760771549948
2022-11-12,97.85299682617188,8.4,9.6,59.47767780791721,38.375319018254665
2022-11-13,97.85299682617188,8.3,9.7,59.41921536492887,38.43378146124301
2022-11-14,113.7040023803711,5.9,12.1,58.016116733208655,55.68788564716244
2022-11-15,124.10399627685547,9.7,8.3,60.23768956676565,63.866306710089816
2022-11-16,113.9000015258789,10.0,8.0,60.41307689573068,53.48692463014822
2022-11-17,112.55599975585938,9.7,8.3,60.23768956676565,52.31831018909372
2022-11-18,115.50900268554688,7.9,10.1,59.1853655929755,56.323637092571374
2022-11-19,115.50900268554688,0.7,17.3,54.976069697814864,60.53293298773201
2022-11-20,115.50900268554688,-0.5,18.5,54.27452038195476,61.23448230359212
2022-11-21,116.12799835205078,4.4,13.6,57.139180088383526,58.988818263667255
2022-11-22,119.63899993896484,6.4,11.6,58.308428948150365,61.33057099081448
2022-11-23,129.6199951171875,7.5,10.5,58.95151582102213,70.66847929616537
2022-11-24,129.6199951171875,8.7,9.3,59.65306513688223,69.96692998030527
2022-11-25,124.37000274658203,8.7,9.3,59.65306513688223,64.7169376096998
2022-11-26,124.37000274658203,7.3,10.7,58.83459093504545,65.53541181153659
2022-11-27,124.37000274658203,7.0,11.0,58.65920360608042,65.71079914050162
2022-11-28,123.28199768066406,8.0,10.0,59.243828035963844,64.03816964470022
2022-11-29,132.28599548339844,6.7,11.3,58.483816277115395,73.80217920628304
2022-11-30,146.39700317382812,6.3,11.7,58.24996650516202,88.1470366686661
2022-12-01,139.25799560546875,4.3,13.7,57.08071764539518,82.17727796007357
2022-12-02,135.56199645996094,2.8,15.2,56.20378100057005,79.35821545939089
2022-12-03,135.56199645996094,1.7,16.3,55.560694127698284,80.00130233226265
2022-12-04,135.56199645996094,1.2,16.8,55.268381912756574,80.29361454720436
2022-12-05,134.69900512695312,5.2,12.8,57.60687963229026,77.09212549466287
2022-12-06,138.48800659179688,5.1,12.9,57.548417189301915,80.93958940249496
2022-12-07,149.2449951171875,4.3,13.7,57.08071764539518,92.16427747179232
2022-12-08,138.89300537109375,2.2,15.8,55.85300634264,83.03999902845375
2022-12-09,139.11300659179688,-0.9,18.9,54.04067061000139,85.07233598179548
2022-12-10,139.11300659179688,-0.5,18.5,54.27452038195476,84.83848620984212
2022-12-11,139.11300659179688,-0.2,18.2,54.44990771091979,84.66309888087709
2022-12-12,136.58999633789062,-1.7,19.7,53.57297106609465,83.01702527179597
2022-12-13,137.5290069580078,-3.2,21.2,52.69603442126952,84.83297253673828
2022-12-14,131.51100158691406,-3.6,21.6,52.46218464931616,79.0488169375979
2022-12-15,134.76699829101562,-1.1,19.1,53.923745724024705,80.84325256699091
2022-12-16,115.45099639892578,-0.9,18.9,54.04067061000139,61.41032578892439
2022-12-17,115.45099639892578,-2.1,20.1,53.339121294141286,62.111875104784495
2022-12-18,115.45099639892578,-2.2,20.2,53.28065885115295,62.17033754777283
2022-12-19,108.54299926757812,6.3,11.7,58.24996650516202,50.293032762416104
2022-12-20,105.68800354003906,9.4,8.6,60.06230223780063,45.62570130223843
2022-12-21,97.75199890136719,6.7,11.3,58.483816277115395,39.26818262425179
2022-12-22,91.93800354003906,8.0,10.0,59.243828035963844,32.69417550407522
2022-12-23,82.97699737548828,8.4,9.6,59.47767780791721,23.49931956757107
2022-12-24,82.97699737548828,8.5,9.5,59.536140250905554,23.440857124582728
2022-12-25,82.97699737548828,8.1,9.9,59.30229047895218,23.6747068965361
2022-12-26,82.97699737548828,7.2,10.8,58.776128492057104,24.200868883431177
2022-12-27,80.04299926757812,6.2,11.8,58.191504062173685,21.85149520540444
2022-12-28,81.35099792480469,8.9,9.1,59.76999002285892,21.581007901945767
2022-12-29,83.83000183105469,8.6,9.4,59.59460269389389,24.235399137160798
2022-12-30,76.31500244140625,8.3,9.7,59.41921536492887,16.895787076477383
2022-12-31,76.31500244140625,13.2,4.800000000000001,62.28387507135763,14.031127370048623
2023-01-01,76.31500244140625,11.9,6.1,61.523863312509185,14.791139128897065
2023-01-02,76.31500244140625,8.3,9.7,59.41921536492887,16.895787076477383
2023-01-03,72.31400299072266,5.8,12.2,57.95765429022031,14.356348700502345
2023-01-04,65.02200317382812,10.9,7.1,60.93923888262576,4.082764291202366
2023-01-05,72.4219970703125,10.0,8.0,60.41307689573068,12.008920174581817
2023-01-06,69.53399658203125,9.7,8.3,60.23768956676565,9.296307015265597
2023-01-07,69.53399658203125,9.9,8.1,60.35461445274234,9.17938212928891
2023-01-08,69.53399658203125,8.1,9.9,59.30229047895218,10.23170610307907
2023-01-09,74.302001953125,6.5,11.5,58.36689139113871,15.935110561986292
2023-01-10,70.07099914550781,7.0,11.0,58.65920360608042,11.411795539427395
2023-01-11,65.34600067138672,9.4,8.6,60.06230223780063,5.283698433586089
2023-01-12,66.80899810791016,10.1,7.9,60.471539338719026,6.33745876919113
2023-01-13,64.81199645996094,8.2,9.8,59.360752921940524,5.451243538020414
2023-01-14,64.81199645996094,8.4,9.6,59.47767780791721,5.334318652043727
2023-01-15,64.81199645996094,5.7,12.3,57.899191847231975,6.912804612728962
2023-01-16,64.81199645996094,3.6,14.4,56.671480544476786,8.140515915484151
2023-01-17,60.06100082397461,1.5,16.5,55.443769241721604,4.617231582253005
2023-01-18,61.70899963378906,2.0,16.0,55.736081456663314,5.972918177125749
2023-01-19,60.71699905395508,2.8,15.2,56.20378100057005,4.513218053385025
2023-01-20,66.89800262451172,0.4,17.6,54.80068236884984,12.097320255661877
2023-01-21,66.89800262451172,-0.2,18.2,54.44990771091979,12.44809491359193
2023-01-22,66.89800262451172,1.3,16.7,55.32684435574492,11.571158268766801
2023-01-23,65.9990005493164,2.7,15.3,56.14531855758171,9.853681991734696
2023-01-24,58.26900100708008,0.9,17.1,55.09299458379155,3.176006423288527
2023-01-25,56.65999984741211,0.6,17.4,54.91760725482652,1.7423925925855883
2023-01-26,54.814998626708984,4.9,13.1,57.431492303325236,-2.616493676616251
2023-01-27,55.42499923706055,3.6,14.4,56.671480544476786,-1.2464813074162393
2023-01-28,55.42499923706055,2.9,15.1,56.26224344355839,-0.8372442064978429
2023-01-29,55.42499923706055,5.1,12.9,57.548417189301915,-2.1234179522413683
2023-01-30,55.15599822998047,6.8,11.2,58.54227872010374,-3.3862804901232693
2023-01-31,57.35200119018555,6.9,11.1,58.60074116309208,-1.2487399729065345
2023-02-01,59.527000427246094,7.1,10.9,58.71766604906876,0.8093343781773328
2023-02-02,57.040000915527344,8.0,10.0,59.243828035963844,-2.2038271204365003
2023-02-03,57.888999938964844,8.8,9.2,59.71152757987058,-1.822527640905733
2023-02-04,57.888999938964844,7.6,10.4,59.00997826401047,-1.1209783250456269
2023-02-05,57.888999938964844,6.2,11.8,58.191504062173685,-0.30250412320884124
2023-02-06,58.10900115966797,3.0,15.0,56.32070588654673,1.7882952731212356
2023-02-07,55.40299987792969,0.2,17.8,54.683757482873155,0.7192423950565328
2023-02-08,53.6870002746582,0.3,17.7,54.7422199258615,-1.055219651203295
2023-02-09,52.73400115966797,2.2,15.8,55.85300634264,-3.1190051829720318
2023-02-10,53.946998596191406,4.7,13.3,57.31456741734855,-3.3675688211571426
2023-02-11,53.946998596191406,7.5,10.5,58.95151582102213,-5.004517224830721
2023-02-12,53.946998596191406,6.8,11.2,58.54227872010374,-4.595280123912332
2023-02-13,51.707000732421875,6.5,11.5,58.36689139113871,-6.659890658716833
2023-02-14,52.38600158691406,4.5,13.5,57.19764253137187,-4.811640944457807
2023-02-15,54.715999603271484,4.3,13.7,57.08071764539518,-2.364718042123698
2023-02-16,52.01100158691406,8.0,10.0,59.243828035963844,-7.232826449049782
2023-02-17,49.047000885009766,10.0,8.0,60.41307689573068,-11.366076010720917
2023-02-18,49.047000885009766,9.7,8.3,60.23768956676565,-11.190688681755887
2023-02-19,49.047000885009766,7.4,10.6,58.89305337803379,-9.846052493024025
2023-02-20,49.047000885009766,8.0,10.0,59.243828035963844,-10.196827150954078
2023-02-21,48.54199981689453,8.6,9.4,59.59460269389389,-11.052602876999359
2023-02-22,50.56800079345703,6.4,11.6,58.308428948150365,-7.740428154693333
2023-02-23,50.779998779296875,6.2,11.8,58.191504062173685,-7.41150528287681
2023-02-24,51.01300048828125,4.9,13.1,57.431492303325236,-6.418491815043986
2023-02-25,51.01300048828125,4.2,13.8,57.02225520240684,-6.009254714125589
2023-02-26,51.01300048828125,3.0,15.0,56.32070588654673,-5.307705398265483
2023-02-27,47.29899978637695,3.4,14.6,56.55455565850011,-9.255555872123153
2023-02-28,46.665000915527344,2.4,15.6,55.96993122861668,-9.304930313089336
2023-03-01,47.08399963378906,1.4,16.6,55.38530679873326,-8.301307164944198
2023-03-02,46.814998626708984,2.9,15.1,56.26224344355839,-9.447244816849405
2023-03-03,44.97999954223633,4.1,13.9,56.963792759418496,-11.983793217182168
2023-03-04,44.97999954223633,6.0,12.0,58.074579176197,-13.09457963396067
2023-03-05,44.97999954223633,4.2,13.8,57.02225520240684,-12.042255660170511
2023-03-06,42.14899826049805,4.1,13.9,56.963792759418496,-14.814794498920449
2023-03-07,43.369998931884766,2.5,15.5,56.02839367160502,-12.658394739720258
2023-03-08,42.3390007019043,1.0,17.0,55.151457026779894,-12.812456324875598
2023-03-09,43.5989990234375,1.6,16.4,55.50223168470995,-11.903232661272448
2023-03-10,52.856998443603516,1.6,16.4,55.50223168470995,-2.645233241106432
2023-03-11,52.856998443603516,1.7,16.3,55.560694127698284,-2.703695684094768
2023-03-12,52.856998443603516,6.4,11.6,58.308428948150365,-5.451430504546849
2023-03-13,49.58399963378906,11.9,6.1,61.523863312509185,-11.939863678720123
2023-03-14,44.185001373291016,6.4,11.6,58.308428948150365,-14.123427574859349
2023-03-15,42.904998779296875,4.6,13.4,57.256104974360206,-14.35110619506333
2023-03-16,44.340999603271484,8.0,10.0,59.243828035963844,-14.90282843269236
2023-03-17,42.856998443603516,11.0,7.0,60.9977013256141,-18.140702882010586
2023-03-18,42.856998443603516,11.1,6.9,61.056163768602445,-18.19916532499893
2023-03-19,42.856998443603516,9.2,8.8,59.94537735182394,-17.088378908220427
2023-03-20,39.32500076293945,7.8,10.2,59.12690314998716,-19.801902387047704
2023-03-21,42.400001525878906,10.2,7.800000000000001,60.53000178170737,-18.130000255828463
2023-03-22,39.974998474121094,10.4,7.6,60.64692666768405,-20.671928193562955
2023-03-23,43.18600082397461,11.8,6.199999999999999,61.46540086952084,-18.279400045546232
2023-03-24,41.09400177001953,10.5,7.5,60.70538911067239,-19.61138734065286
2023-03-25,41.09400177001953,8.5,9.5,59.536140250905554,-18.442138480886022
2023-03-26,41.09400177001953,6.1,11.9,58.13304161918534,-17.03903984916581
2023-03-27,42.52799987792969,4.6,13.4,57.256104974360206,-14.728105096430518
2023-03-28,42.75199890136719,4.3,13.7,57.08071764539518,-14.328718744027995
2023-03-29,42.803001403808594,10.0,8.0,60.41307689573068,-17.61007549192209
2023-03-30,43.60900115966797,11.6,6.4,61.348475983544155,-17.739474823876186
2023-03-31,47.845001220703125,10.3,7.699999999999999,60.58846422469571,-12.743463003992588
2023-04-01,47.845001220703125,9.1,8.9,59.88691490883561,-12.041913688132482
2023-04-02,47.845001220703125,5.7,12.3,57.899191847231975,-10.05419062652885
2023-04-03,51.367000579833984,4.7,13.3,57.31456741734855,-5.9475668375145645
2023-04-04,46.56800079345703,4.3,13.7,57.08071764539518,-10.512716851938151
2023-04-05,44.57500076293945,5.1,12.9,57.548417189301915,-12.973416426362462
2023-04-06,43.125,6.3,11.7,58.24996650516202,-15.124966505162021
2023-04-07,43.125,8.3,9.7,59.41921536492887,-16.294215364928867
2023-04-08,43.125,8.5,9.5,59.536140250905554,-16.411140250905554
2023-04-09,43.125,10.5,7.5,60.70538911067239,-17.580389110672392
2023-04-10,43.125,10.2,7.800000000000001,60.53000178170737,-17.40500178170737
2023-04-11,43.69200134277344,9.2,8.8,59.94537735182394,-16.253376009050506
2023-04-12,42.880001068115234,8.7,9.3,59.65306513688223,-16.773064068767
2023-04-13,42.09299850463867,7.9,10.1,59.1853655929755,-17.09236708833683
2023-04-14,41.14899826049805,8.6,9.4,59.59460269389389,-18.445604433395843
2023-04-15,41.14899826049805,8.8,9.2,59.71152757987058,-18.56252931937253
2023-04-16,41.14899826049805,8.6,9.4,59.59460269389389,-18.445604433395843
2023-04-17,41.12699890136719,9.8,8.2,60.296152009753996,-19.16915310838681
2023-04-18,42.72200012207031,9.2,8.8,59.94537735182394,-17.22337722975363
2023-04-19,40.29800033569336,9.7,8.3,60.23768956676565,-19.939689231072293
2023-04-20,40.564998626708984,8.2,9.8,59.360752921940524,-18.79575429523154
2023-04-21,40.16400146484375,10.9,7.1,60.93923888262576,-20.77523741778201
2023-04-22,40.16400146484375,8.9,9.1,59.76999002285892,-19.60598855801517
2023-04-23,40.16400146484375,11.1,6.9,61.056163768602445,-20.892162303758695
2023-04-24,39.92499923706055,8.3,9.7,59.41921536492887,-19.49421612786832
2023-04-25,39.83300018310547,6.3,11.7,58.24996650516202,-18.416966322056552
2023-04-26,38.55099868774414,6.1,11.9,58.13304161918534,-19.5820429314412
2023-04-27,39.03900146484375,7.6,10.4,59.00997826401047,-19.97097679916672
2023-04-28,38.53799819946289,10.0,8.0,60.41307689573068,-21.875078696267792
2023-04-29,38.53799819946289,10.4,7.6,60.64692666768405,-22.10892846822116
2023-04-30,38.53799819946289,11.1,6.9,61.056163768602445,-22.518165569139555
2023-05-01,38.83399963378906,11.1,6.9,61.056163768602445,-22.222164134813383
2023-05-02,37.52899932861328,9.2,8.8,59.94537735182394,-22.41637802321066
2023-05-03,36.78200149536133,8.8,9.2,59.71152757987058,-22.92952608450925
2023-05-04,35.65299987792969,13.2,4.800000000000001,62.28387507135763,-26.63087519342794
2023-05-05,36.57400131225586,13.4,4.6,62.400799957334314,-25.826798645078455
2023-05-06,36.57400131225586,14.2,3.8000000000000007,62.868499501241054,-26.294498188985195
2023-05-07,36.57400131225586,14.9,3.0999999999999996,63.27773660215944,-26.703735289903584
2023-05-08,36.874000549316406,14.3,3.6999999999999993,62.9269619442294,-26.05296139491299
2023-05-09,35.95000076293945,13.4,4.6,62.400799957334314,-26.45079919439486
2023-05-10,34.99300003051758,12.6,5.4,61.933100413427574,-26.940100382909996
2023-05-11,34.99300003051758,13.2,4.800000000000001,62.28387507135763,-27.29087504084005
2023-05-12,32.766998291015625,15.5,2.5,63.628511260089496,-30.86151296907387
2023-05-13,32.766998291015625,15.1,2.9000000000000004,63.39466148813613,-30.627663197120505
2023-05-14,32.766998291015625,13.3,4.699999999999999,62.34233751434597,-29.575339223330346
2023-05-15,32.31399917602539,10.7,7.300000000000001,60.82231399664908,-28.50831482062369
2023-05-16,31.820999145507812,9.9,8.1,60.35461445274234,-28.533615307234527
2023-05-17,31.952999114990234,10.1,7.9,60.471539338719026,-28.51854022372879
2023-05-18,29.78499984741211,9.6,8.4,60.179227123777316,-30.394227276365207
2023-05-19,30.176000595092773,12.5,5.5,61.87463797043924,-31.698637375346465
2023-05-20,30.176000595092773,14.6,3.4000000000000004,63.10234927319442,-32.92634867810165
2023-05-21,30.176000595092773,15.9,2.0999999999999996,63.86236103204287,-33.686360436950096
2023-05-22,29.711000442504883,16.5,1.5,64.21313568997292,-34.50213524746803
2023-05-23,29.12700080871582,12.1,5.9,61.640788198485865,-32.513787389770044
2023-05-24,27.78499984741211,11.5,6.5,61.29001354055581,-33.5050136931437
2023-05-25,25.45199966430664,12.1,5.9,61.640788198485865,-36.188788534179224
2023-05-26,24.520000457763672,11.9,6.1,61.523863312509185,-37.00386285474551
2023-05-27,24.520000457763672,13.3,4.699999999999999,62.34233751434597,-37.8223370565823
2023-05-28,24.520000457763672,14.3,3.6999999999999993,62.9269619442294,-38.406961486465725
2023-05-29,24.520000457763672,11.9,6.1,61.523863312509185,-37.00386285474551
2023-05-30,24.680999755859375,12.5,5.5,61.87463797043924,-37.19363821457986
2023-05-31,26.851999282836914,14.3,3.6999999999999993,62.9269619442294,-36.07496266139248
2023-06-01,23.10300064086914,12.5,5.5,61.87463797043924,-38.7716373295701
2023-06-02,23.68899917602539,13.5,4.5,62.45926240032266,-38.77026322429727
2023-06-03,23.68899917602539,15.4,2.5999999999999996,63.57004881710116,-39.88104964107577
2023-06-04,23.68899917602539,14.6,3.4000000000000004,63.10234927319442,-39.41335009716903
2023-06-05,28.47800064086914,13.8,4.199999999999999,62.63464972928768,-34.15664908841854
2023-06-06,24.860000610351562,14.2,3.8000000000000007,62.868499501241054,-38.00849889088949
2023-06-07,26.33099937438965,14.7,3.3000000000000007,63.160811716182764,-36.829812341793115
2023-06-08,26.94499969482422,16.0,2.0,63.92082347503121,-36.975823780206994
2023-06-09,32.04899978637695,20.1,0.0,65.09007233479805,-33.0410725484211
2023-06-10,32.04899978637695,22.1,0.0,65.09007233479805,-33.0410725484211
2023-06-11,32.04899978637695,23.7,0.0,65.09007233479805,-33.0410725484211
2023-06-12,31.035999298095703,23.2,0.0,65.09007233479805,-34.05407303670235
2023-06-13,36.05099868774414,21.3,0.0,65.09007233479805,-29.03907364705391
2023-06-14,38.3120002746582,20.2,0.0,65.09007233479805,-26.77807206013985
2023-06-15,41.14500045776367,20.1,0.0,65.09007233479805,-23.94507187703438
2023-06-16,35.007999420166016,19.1,0.0,65.09007233479805,-30.082072914632036
2023-06-17,35.007999420166016,19.4,0.0,65.09007233479805,-30.082072914632036
2023-06-18,35.007999420166016,20.6,0.0,65.09007233479805,-30.082072914632036
2023-06-19,35.007999420166016,19.9,0.0,65.09007233479805,-30.082072914632036
2023-06-20,38.70800018310547,22.1,0.0,65.09007233479805,-26.382072151692583
2023-06-21,36.74300003051758,19.2,0.0,65.09007233479805,-28.347072304280474
2023-06-22,34.09700012207031,18.9,0.0,65.09007233479805,-30.99307221272774
2023-06-23,32.50699996948242,19.5,0.0,65.09007233479805,-32.58307236531563
2023-06-24,32.50699996948242,20.3,0.0,65.09007233479805,-32.58307236531563
2023-06-25,32.50699996948242,23.8,0.0,65.09007233479805,-32.58307236531563
2023-06-26,31.975000381469727,18.5,0.0,65.09007233479805,-33.115071953328325
2023-06-27,34.50600051879883,17.1,0.8999999999999986,64.56391034790298,-30.057909829104148
2023-06-28,34.125,18.1,0.0,65.09007233479805,-30.96507233479805
2023-06-29,35.18000030517578,17.9,0.10000000000000142,65.03160989180971,-29.851609586633927
2023-06-30,37.10300064086914,17.1,0.8999999999999986,64.56391034790298,-27.460909707033835
2023-07-01,37.10300064086914,17.4,0.6000000000000014,64.73929767686799,-27.63629703599885
2023-07-02,37.10300064086914,16.8,1.1999999999999993,64.38852301893795,-27.285522378068805
2023-07-03,33.92900085449219,16.3,1.6999999999999993,64.09621080399624,-30.167209949504056
2023-07-04,33.92900085449219,16.5,1.5,64.21313568997292,-30.284134835480728
2023-07-05,34.37300109863281,14.4,3.5999999999999996,62.98542438721773,-28.61242328858492
2023-07-06,32.347999572753906,16.6,1.3999999999999986,64.27159813296126,-31.923598560207353
2023-07-07,33.47800064086914,20.6,0.0,65.09007233479805,-31.61207169392891
2023-07-08,33.47800064086914,24.0,0.0,65.09007233479805,-31.61207169392891
2023-07-09,33.47800064086914,21.1,0.0,65.09007233479805,-31.61207169392891
2023-07-10,30.226999282836914,19.5,0.0,65.09007233479805,-34.86307305196114
2023-07-11,29.06100082397461,20.4,0.0,65.09007233479805,-36.02907151082344
2023-07-12,26.638999938964844,17.8,0.1999999999999993,64.97314744882136,-38.33414750985652
2023-07-13,26.60700035095215,17.4,0.6000000000000014,64.73929767686799,-38.13229732591584
2023-07-14,25.957000732421875,19.0,0.0,65.09007233479805,-39.13307160237618
2023-07-15,25.957000732421875,20.7,0.0,65.09007233479805,-39.13307160237618
2023-07-16,25.957000732421875,18.4,0.0,65.09007233479805,-39.13307160237618
2023-07-17,25.10099983215332,17.1,0.8999999999999986,64.56391034790298,-39.462910515749655
2023-07-18,27.069000244140625,17.9,0.10000000000000142,65.03160989180971,-37.96260964766908
2023-07-19,26.96299934387207,17.3,0.6999999999999993,64.68083523387966,-37.71783589000759
2023-07-20,28.01799964904785,16.2,1.8000000000000007,64.0377483610079,-36.01974871196005
2023-07-21,28.163999557495117,15.6,2.4000000000000004,63.68697370307784,-35.52297414558272
2023-07-22,28.163999557495117,15.8,2.1999999999999993,63.803898589054526,-35.63989903155941
2023-07-23,28.163999557495117,17.7,0.3000000000000007,64.91468500583302,-36.750685448337904
2023-07-24,30.55699920654297,17.0,1.0,64.50544790491463,-33.948448698371664
2023-07-25,32.64799880981445,14.9,3.0999999999999996,63.27773660215944,-30.62973779234499
2023-07-26,29.274999618530273,15.6,2.4000000000000004,63.68697370307784,-34.411974084547566
2023-07-27,28.43400001525879,17.2,0.8000000000000007,64.62237279089132,-36.18837277563253
2023-07-28,25.840999603271484,19.1,0.0,65.09007233479805,-39.24907273152657
2023-07-29,25.840999603271484,18.7,0.0,65.09007233479805,-39.24907273152657
2023-07-30,25.840999603271484,17.5,0.5,64.79776011985633,-38.95676051658485
2023-07-31,28.365999221801758,17.5,0.5,64.79776011985633,-36.43176089805458
2023-08-01,27.12299919128418,16.7,1.3000000000000007,64.3300605759496,-37.20706138466542
2023-08-02,28.742000579833984,16.9,1.1000000000000014,64.44698546192629,-35.704984882092305
2023-08-03,30.472999572753906,16.4,1.6000000000000014,64.15467324698457,-33.681673674230666
2023-08-04,28.85300064086914,16.4,1.6000000000000014,64.15467324698457,-35.30167260611543
2023-08-05,28.85300064086914,15.2,2.8000000000000007,63.45312393112447,-34.60012329025533
2023-08-06,28.85300064086914,14.6,3.4000000000000004,63.10234927319442,-34.24934863232528
2023-08-07,30.48699951171875,15.4,2.5999999999999996,63.57004881710116,-33.08304930538241
2023-08-08,31.06599998474121,15.5,2.5,63.628511260089496,-32.562511275348285
2023-08-09,39.823001861572266,15.2,2.8000000000000007,63.45312393112447,-23.630122069552208
2023-08-10,37.055999755859375,17.9,0.10000000000000142,65.03160989180971,-27.975610135950333
2023-08-11,35.29999923706055,19.8,0.0,65.09007233479805,-29.790073097737505
2023-08-12,35.29999923706055,19.2,0.0,65.09007233479805,-29.790073097737505
2023-08-13,35.29999923706055,18.3,0.0,65.09007233479805,-29.790073097737505
2023-08-14,34.433998107910156,19.5,0.0,65.09007233479805,-30.656074226887895
2023-08-15,38.8129997253418,18.3,0.0,65.09007233479805,-26.277072609456255
2023-08-16,37.784000396728516,17.8,0.1999999999999993,64.97314744882136,-27.18914705209285
2023-08-17,36.82500076293945,18.6,0.0,65.09007233479805,-28.2650715718586
2023-08-18,36.40999984741211,20.5,0.0,65.09007233479805,-28.680072487385942
2023-08-19,36.40999984741211,21.1,0.0,65.09007233479805,-28.680072487385942
2023-08-20,36.40999984741211,18.9,0.0,65.09007233479805,-28.680072487385942
2023-08-21,40.78200149536133,18.8,0.0,65.09007233479805,-24.308070839436724
2023-08-22,42.90800094604492,18.2,0.0,65.09007233479805,-22.18207138875313
2023-08-23,36.7859992980957,18.7,0.0,65.09007233479805,-28.30407303670235
2023-08-24,31.937999725341797,19.5,0.0,65.09007233479805,-33.152072609456255
2023-08-25,34.777000427246094,18.7,0.0,65.09007233479805,-30.313071907551958
2023-08-26,34.777000427246094,15.8,2.1999999999999993,63.803898589054526,-29.026898161808433
2023-08-27,34.777000427246094,15.0,3.0,63.33619904514779,-28.559198617901693
2023-08-28,38.41400146484375,15.7,2.3000000000000007,63.74543614606618,-25.331434681222433
2023-08-29,35.19499969482422,15.4,2.5999999999999996,63.57004881710116,-28.37504912227694
2023-08-30,35.992000579833984,14.1,3.9000000000000004,62.81003705825271,-26.818036478418726
2023-08-31,35.02899932861328,15.0,3.0,63.33619904514779,-28.307199716534505
2023-09-01,35.617000579833984,16.0,2.0,63.92082347503121,-28.30382289519723
2023-09-02,35.617000579833984,17.0,1.0,64.50544790491463,-28.888447325080648
2023-09-03,35.617000579833984,17.3,0.6999999999999993,64.68083523387966,-29.063834654045678
2023-09-04,35.617000579833984,18.4,0.0,65.09007233479805,-29.473071754964067
2023-09-05,34.44900131225586,21.2,0.0,65.09007233479805,-30.641071022542192
2023-09-06,31.075000762939453,22.1,0.0,65.09007233479805,-34.0150715718586
2023-09-07,32.755001068115234,22.0,0.0,65.09007233479805,-32.33507126668282
2023-09-08,34.507999420166016,21.5,0.0,65.09007233479805,-30.582072914632036
2023-09-09,34.507999420166016,22.0,0.0,65.09007233479805,-30.582072914632036
2023-09-10,34.507999420166016,23.8,0.0,65.09007233479805,-30.582072914632036
2023-09-11,35.847999572753906,21.5,0.0,65.09007233479805,-29.242072762044145
2023-09-12,34.70100021362305,19.6,0.0,65.09007233479805,-30.389072121175005
2023-09-13,36.81700134277344,16.7,1.3000000000000007,64.3300605759496,-27.513059233176165
2023-09-14,35.520999908447266,15.6,2.4000000000000004,63.68697370307784,-28.165973794630574
2023-09-15,36.483001708984375,16.5,1.5,64.21313568997292,-27.73013398098854
2023-09-16,36.483001708984375,18.0,0.0,65.09007233479805,-28.607070625813677
2023-09-17,36.483001708984375,18.2,0.0,65.09007233479805,-28.607070625813677
2023-09-18,34.474998474121094,18.3,0.0,65.09007233479805,-30.615073860676958
2023-09-19,36.78200149536133,16.6,1.3999999999999986,64.27159813296126,-27.48959663759993
2023-09-20,37.284000396728516,18.7,0.0,65.09007233479805,-27.806071938069536
2023-09-21,39.10499954223633,16.3,1.6999999999999993,64.09621080399624,-24.991211261759915
2023-09-22,39.79100036621094,13.2,4.800000000000001,62.28387507135763,-22.49287470514669
2023-09-23,39.79100036621094,13.3,4.699999999999999,62.34233751434597,-22.551337148135033
2023-09-24,39.79100036621094,14.6,3.4000000000000004,63.10234927319442,-23.311348906983483
2023-09-25,44.44200134277344,16.1,1.8999999999999986,63.97928591801955,-19.53728457524611
2023-09-26,40.321998596191406,16.9,1.1000000000000014,64.44698546192629,-24.124986865734883
2023-09-27,39.29600143432617,18.2,0.0,65.09007233479805,-25.79407090047188
2023-09-28,39.736000061035156,17.6,0.3999999999999986,64.85622256284468,-25.120222501809522
2023-09-29,41.85900115966797,16.3,1.6999999999999993,64.09621080399624,-22.237209644328274
2023-09-30,41.85900115966797,15.3,2.6999999999999993,63.51158637411282,-21.652585214444848
2023-10-01,41.85900115966797,17.4,0.6000000000000014,64.73929767686799,-22.880296517200023
2023-10-02,39.334999084472656,18.8,0.0,65.09007233479805,-25.755073250325395
2023-10-03,36.98699951171875,16.6,1.3999999999999986,64.27159813296126,-27.28459862124251
2023-10-04,38.441001892089844,15.5,2.5,63.628511260089496,-25.187509367999652
2023-10-05,36.207000732421875,15.8,2.1999999999999993,63.803898589054526,-27.59689785663265
2023-10-06,38.23099899291992,16.7,1.3000000000000007,64.3300605759496,-26.09906158302968
2023-10-07,38.23099899291992,18.3,0.0,65.09007233479805,-26.85907334187813
2023-10-08,38.23099899291992,15.9,2.0999999999999996,63.86236103204287,-25.631362039122948
2023-10-09,43.952999114990234,17.4,0.6000000000000014,64.73929767686799,-20.786298561877757
2023-10-10,49.45500183105469,17.2,0.8000000000000007,64.62237279089132,-15.167370959836632
2023-10-11,46.06800079345703,17.7,0.3000000000000007,64.91468500583302,-18.84668421237599
2023-10-12,53.00199890136719,14.8,3.1999999999999993,63.21927415917111,-10.21727525780392
2023-10-13,53.981998443603516,17.8,0.1999999999999993,64.97314744882136,-10.99114900521785
2023-10-14,53.981998443603516,11.9,6.1,61.523863312509185,-7.5418648689056695
2023-10-15,53.981998443603516,8.7,9.3,59.65306513688223,-5.671066693278718
2023-10-16,48.46699905395508,9.3,8.7,60.003839794812286,-11.536840740857208
2023-10-17,48.895999908447266,8.6,9.4,59.59460269389389,-10.698602785446624
2023-10-18,50.83300018310547,9.3,8.7,60.003839794812286,-9.170839611706818
2023-10-19,50.172000885009766,14.6,3.4000000000000004,63.10234927319442,-12.930348388184655
2023-10-20,51.11199951171875,11.2,6.800000000000001,61.11462621159079,-10.002626699872039
2023-10-21,51.11199951171875,13.2,4.800000000000001,62.28387507135763,-11.171875559638877
2023-10-22,51.11199951171875,12.1,5.9,61.640788198485865,-10.528788686767115
2023-10-23,51.2760009765625,10.4,7.6,60.64692666768405,-9.370925691121549
2023-10-24,49.263999938964844,11.4,6.6,61.231551097567475,-11.967551158602632
2023-10-25,49.92399978637695,9.9,8.1,60.35461445274234,-10.430614666365386
2023-10-26,50.808998107910156,8.9,9.1,59.76999002285892,-8.960991914948764
2023-10-27,50.53200149536133,10.0,8.0,60.41307689573068,-9.881075400369355
2023-10-28,50.53200149536133,10.8,7.199999999999999,60.88077643963742,-10.348774944276094
2023-10-29,50.53200149536133,12.3,5.699999999999999,61.75771308446255,-11.225711589101223
2023-10-30,50.547000885009766,11.3,6.699999999999999,61.17308865457913,-10.626087769569367
2023-10-31,48.00600051879883,10.9,7.1,60.93923888262576,-12.93323836382693
2023-11-01,47.75699996948242,11.4,6.6,61.231551097567475,-13.474551128085054
2023-11-02,48.56399917602539,10.4,7.6,60.64692666768405,-12.082927491658658
2023-11-03,48.05699920654297,9.9,8.1,60.35461445274234,-12.29761524619937
2023-11-04,48.05699920654297,8.8,9.2,59.71152757987058,-11.654528373327608
2023-11-05,48.05699920654297,9.7,8.3,60.23768956676565,-12.180690360222684
2023-11-06,44.832000732421875,9.7,8.3,60.23768956676565,-15.405688834343778
2023-11-07,46.05699920654297,9.4,8.6,60.06230223780063,-14.005303031257661
2023-11-08,45.777000427246094,9.4,8.6,60.06230223780063,-14.285301810554536
2023-11-09,48.12900161743164,9.3,8.7,60.003839794812286,-11.874838177380646
2023-11-10,46.63199996948242,7.4,10.6,58.89305337803379,-12.26105340855137
2023-11-11,46.63199996948242,7.4,10.6,58.89305337803379,-12.26105340855137
2023-11-12,46.63199996948242,6.3,11.7,58.24996650516202,-11.6179665356796
2023-11-13,47.87300109863281,10.1,7.9,60.471539338719026,-12.598538240086214
2023-11-14,47.608001708984375,11.4,6.6,61.231551097567475,-13.6235493885831
2023-11-15,47.0369987487793,10.2,7.800000000000001,60.53000178170737,-13.493003032928073
2023-11-16,45.8489990234375,6.9,11.1,58.60074116309208,-12.751742139654581
2023-11-17,45.06399917602539,5.5,12.5,57.78226696125529,-12.718267785229898
2023-11-18,45.06399917602539,8.2,9.8,59.360752921940524,-14.296753745915133
2023-11-19,45.06399917602539,12.4,5.6,61.816175527450895,-16.752176351425504
2023-11-20,45.82099914550781,10.0,8.0,60.41307689573068,-14.59207775022287
2023-11-21,44.064998626708984,7.9,10.1,59.1853655929755,-15.120366966266516
2023-11-22,44.61600112915039,5.6,12.4,57.84072940424363,-13.224728275093241
2023-11-23,46.58000183105469,11.6,6.4,61.348475983544155,-14.768474152489468
2023-11-24,46.65700149536133,7.1,10.9,58.71766604906876,-12.060664553707433
2023-11-25,46.65700149536133,6.1,11.9,58.13304161918534,-11.476040123824014
2023-11-26,46.65700149536133,5.8,12.2,57.95765429022031,-11.300652794858983
2023-11-27,43.98400115966797,4.4,13.6,57.139180088383526,-13.155178928715557
2023-11-28,42.77399826049805,2.6,15.4,56.08685611459337,-13.31285785409532
2023-11-29,40.36000061035156,2.7,15.3,56.14531855758171,-15.785317947230148
2023-11-30,42.090999603271484,-0.5,18.5,54.27452038195476,-12.183520778683274
2023-12-01,43.49599838256836,-1.3,19.3,53.806820838048026,-10.310822455479666
2023-12-02,43.49599838256836,-1.0,19.0,53.98220816701305,-10.48620978444469
2023-12-03,43.49599838256836,0.3,17.7,54.7422199258615,-11.246221543293139
2023-12-04,40.104000091552734,2.1,15.9,55.79454389965166,-15.690543808098923
2023-12-05,38.132999420166016,1.7,16.3,55.560694127698284,-17.427694707532268
2023-12-06,39.3129997253418,3.0,15.0,56.32070588654673,-17.007706161204936
2023-12-07,39.96799850463867,0.7,17.3,54.976069697814864,-15.008071193176193
2023-12-08,38.597999572753906,5.0,13.0,57.48995474631358,-18.891955173559673
2023-12-09,38.597999572753906,7.5,10.5,58.95151582102213,-20.35351624826822
2023-12-10,38.597999572753906,9.4,8.6,60.06230223780063,-21.464302665046723
2023-12-11,36.11800003051758,8.6,9.4,59.59460269389389,-23.476602663376312
2023-12-12,34.702999114990234,7.3,10.7,58.83459093504545,-24.131591820055213
2023-12-13,35.8120002746582,7.0,11.0,58.65920360608042,-22.847203331422214
2023-12-14,34.849998474121094,5.3,12.7,57.6653420752786,-22.815343601157508
2023-12-15,33.18899917602539,7.0,11.0,58.65920360608042,-25.470204430055027
2023-12-16,33.18899917602539,8.7,9.3,59.65306513688223,-26.464065960856843
2023-12-17,33.18899917602539,8.7,9.3,59.65306513688223,-26.464065960856843
2023-12-18,35.52199935913086,8.7,9.3,59.65306513688223,-24.131065777751374
2023-12-19,32.56800079345703,9.3,8.7,60.003839794812286,-27.435839001355255
2023-12-20,33.520999908447266,8.5,9.5,59.536140250905554,-26.015140342458288
2023-12-21,34.202999114990234,9.6,8.4,60.179227123777316,-25.976228008787082
2023-12-22,34.17399978637695,7.9,10.1,59.1853655929755,-25.011365806598548
2023-12-23,34.17399978637695,9.6,8.4,60.179227123777316,-26.005227337400363
2023-12-24,34.17399978637695,11.2,6.800000000000001,61.11462621159079,-26.940626425213836
2023-12-25,34.17399978637695,10.7,7.300000000000001,60.82231399664908,-26.648314210272126
2023-12-26,34.17399978637695,7.7,10.3,59.068440706998814,-24.89444092062186
2023-12-27,35.51300048828125,7.2,10.8,58.776128492057104,-23.263128003775854
2023-12-28,33.10499954223633,10.5,7.5,60.70538911067239,-27.600389568436064
2023-12-29,32.349998474121094,9.0,9.0,59.82845246584726,-27.47845399172617
2023-12-30,32.349998474121094,8.1,9.9,59.30229047895218,-26.952292004831087
2023-12-31,32.349998474121094,8.6,9.4,59.59460269389389,-27.244604219772796
2024-01-01,32.349998474121094,7.2,10.8,58.776128492057104,-26.42613001793601
2024-01-02,30.57200050354004,10.0,8.0,60.41307689573068,-29.841076392190644
2024-01-03,32.79499816894531,8.6,9.4,59.59460269389389,-26.799604524948577
2024-01-04,33.40999984741211,7.0,11.0,58.65920360608042,-25.24920375866831
2024-01-05,34.55099868774414,6.6,11.4,58.42535383412705,-23.87435514638291
2024-01-06,34.55099868774414,3.6,14.4,56.671480544476786,-22.120481856732646
2024-01-07,34.55099868774414,0.3,17.7,54.7422199258615,-20.191221238117357
2024-01-08,31.579999923706055,-1.2,19.2,53.86528328103637,-22.285283357330314
2024-01-09,30.641000747680664,-3.3,21.3,52.63757197828118,-21.996571230600516
2024-01-10,30.941999435424805,-3.2,21.2,52.69603442126952,-21.75403498584472
2024-01-11,30.816999435424805,-0.8,18.8,54.099133052989735,-23.28213361756493
2024-01-12,31.990999221801758,3.1,14.9,56.37916832953508,-24.38816910773332
2024-01-13,31.990999221801758,4.7,13.3,57.31456741734855,-25.32356819554679
2024-01-14,31.990999221801758,4.0,14.0,56.90533031643015,-24.914331094628395
2024-01-15,31.990999221801758,2.5,15.5,56.02839367160502,-24.037394449803266
2024-01-16,29.6560001373291,1.2,16.8,55.268381912756574,-25.612381775427473
2024-01-17,27.70800018310547,-1.1,19.1,53.923745724024705,-26.215745540919237
2024-01-18,27.89299964904785,-0.7,18.7,54.15759549597808,-26.264595846930227
2024-01-19,28.429000854492188,2.0,16.0,55.736081456663314,-27.307080602171126
2024-01-20,28.429000854492188,0.6,17.4,54.91760725482652,-26.488606400334334
2024-01-21,28.429000854492188,4.0,14.0,56.90533031643015,-28.476329461937965
2024-01-22,27.263999938964844,9.0,9.0,59.82845246584726,-32.56445252688242
2024-01-23,27.226999282836914,7.9,10.1,59.1853655929755,-31.958366310138587
2024-01-24,28.929000854492188,9.6,8.4,60.179227123777316,-31.25022626928513
2024-01-25,27.784000396728516,7.0,11.0,58.65920360608042,-30.875203209351902
2024-01-26,28.07900047302246,8.0,10.0,59.243828035963844,-31.164827562941383
2024-01-27,28.07900047302246,4.2,13.8,57.02225520240684,-28.94325472938438
2024-01-28,28.07900047302246,4.3,13.7,57.08071764539518,-29.00171717237272
2024-01-29,28.173999786376953,6.6,11.4,58.42535383412705,-30.251354047750098
2024-01-30,29.391000747680664,7.9,10.1,59.1853655929755,-29.794364845294837
2024-01-31,30.235000610351562,6.3,11.7,58.24996650516202,-28.01496589481046
2024-02-01,28.990999221801758,6.6,11.4,58.42535383412705,-29.434354612325293
2024-02-02,29.304000854492188,8.2,9.8,59.360752921940524,-30.056752067448336
2024-02-03,29.304000854492188,9.7,8.3,60.23768956676565,-30.933688712273465
2024-02-04,29.304000854492188,9.7,8.3,60.23768956676565,-30.933688712273465
2024-02-05,28.340999603271484,9.1,8.9,59.88691490883561,-31.545915305564122
2024-02-06,28.60700035095215,9.8,8.2,60.296152009753996,-31.689151658801848
2024-02-07,28.18600082397461,4.7,13.3,57.31456741734855,-29.12856659337394
2024-02-08,27.812000274658203,2.1,15.9,55.79454389965166,-27.982543624993454
2024-02-09,27.117000579833984,10.1,7.9,60.471539338719026,-33.35453875888504
2024-02-10,27.117000579833984,9.7,8.3,60.23768956676565,-33.12068898693167
2024-02-11,27.117000579833984,8.2,9.8,59.360752921940524,-32.24375234210654
2024-02-12,25.729000091552734,6.1,11.9,58.13304161918534,-32.40404152763261
2024-02-13,25.43600082397461,6.4,11.6,58.308428948150365,-32.872428124175755
2024-02-14,24.85700035095215,10.5,7.5,60.70538911067239,-35.848388759720244
2024-02-15,24.965999603271484,12.6,5.4,61.933100413427574,-36.96710081015609
2024-02-16,24.82200050354004,10.4,7.6,60.64692666768405,-35.82492616414401
2024-02-17,24.82200050354004,9.2,8.8,59.94537735182394,-35.123376848283904
2024-02-18,24.82200050354004,9.1,8.9,59.88691490883561,-35.06491440529557
2024-02-19,24.82200050354004,8.1,9.9,59.30229047895218,-34.48028997541214
2024-02-20,24.167999267578125,8.5,9.5,59.536140250905554,-35.36814098332743
2024-02-21,23.976999282836914,9.3,8.7,60.003839794812286,-36.02684051197537
2024-02-22,23.19300079345703,9.7,8.3,60.23768956676565,-37.04468877330862
2024-02-23,22.93400001525879,5.4,12.6,57.723804518266945,-34.789804503008156
2024-02-24,22.93400001525879,4.3,13.7,57.08071764539518,-34.14671763013639
2024-02-25,22.93400001525879,5.6,12.4,57.84072940424363,-34.90672938898484
2024-02-26,24.009000778198242,4.9,13.1,57.431492303325236,-33.42249152512699
2024-02-27,24.392000198364258,4.5,13.5,57.19764253137187,-32.80564233300761
2024-02-28,25.618999481201172,6.8,11.2,58.54227872010374,-32.923279238902566
2024-02-29,24.864999771118164,8.1,9.9,59.30229047895218,-34.437290707834016
2024-03-01,25.80900001525879,7.7,10.3,59.068440706998814,-33.259440691740025
2024-03-02,25.80900001525879,8.3,9.7,59.41921536492887,-33.61021534967008
2024-03-03,25.80900001525879,9.7,8.3,60.23768956676565,-34.428689551506864
2024-03-04,26.885000228881836,6.8,11.2,58.54227872010374,-31.657278491221902
2024-03-05,27.468000411987305,5.7,12.3,57.899191847231975,-30.43119143524467
2024-03-06,26.57200050354004,6.3,11.7,58.24996650516202,-31.677966001621982
2024-03-07,25.992000579833984,5.5,12.5,57.78226696125529,-31.790266381421304
2024-03-08,26.392000198364258,5.1,12.9,57.548417189301915,-31.156416990937657
2024-03-09,26.392000198364258,7.8,10.2,59.12690314998716,-32.7349029516229
2024-03-10,26.392000198364258,8.8,9.2,59.71152757987058,-33.31952738150632
2024-03-11,24.93000030517578,7.2,10.8,58.776128492057104,-33.84612818688132
2024-03-12,24.774999618530273,8.5,9.5,59.536140250905554,-34.76114063237528
2024-03-13,24.902999877929688,10.8,7.199999999999999,60.88077643963742,-35.977776561707735
2024-03-14,26.048999786376953,12.2,5.800000000000001,61.69925064147421,-35.650250855097255
2024-03-15,27.025999069213867,11.9,6.1,61.523863312509185,-34.49786424329532
2024-03-16,27.025999069213867,7.7,10.3,59.068440706998814,-32.04244163778495
2024-03-17,27.025999069213867,9.4,8.6,60.06230223780063,-33.03630316858676
2024-03-18,28.82200050354004,10.3,7.699999999999999,60.58846422469571,-31.766463721155674
2024-03-19,28.865999221801758,10.3,7.699999999999999,60.58846422469571,-31.722465002893955
2024-03-20,27.742000579833984,10.3,7.699999999999999,60.58846422469571,-32.84646364486173
2024-03-21,26.402000427246094,8.9,9.1,59.76999002285892,-33.367989595612826
2024-03-22,27.775999069213867,9.2,8.8,59.94537735182394,-32.169378282610076
2024-03-23,27.775999069213867,6.2,11.8,58.191504062173685,-30.415504992959818
2024-03-24,27.775999069213867,6.7,11.3,58.483816277115395,-30.707817207901527
2024-03-25,28.48900032043457,7.4,10.6,58.89305337803379,-30.40405305759922
2024-03-26,27.131999969482422,9.1,8.9,59.88691490883561,-32.754914939353185
2024-03-27,27.687000274658203,9.6,8.4,60.179227123777316,-32.49222684911911
2024-03-28,27.34000015258789,8.3,9.7,59.41921536492887,-32.079215212340976
2024-03-29,27.34000015258789,10.6,7.4,60.763851553660736,-33.423851401072845
2024-03-30,27.34000015258789,8.5,9.5,59.536140250905554,-32.19614009831766
2024-03-31,27.34000015258789,9.7,8.3,60.23768956676565,-32.89768941417776
2024-04-01,27.34000015258789,9.3,8.7,60.003839794812286,-32.663839642224396
2024-04-02,26.202999114990234,9.4,8.6,60.06230223780063,-33.859303122810395
2024-04-03,25.562999725341797,10.6,7.4,60.763851553660736,-35.20085182831894
2024-04-04,26.20599937438965,11.1,6.9,61.056163768602445,-34.8501643942128
2024-04-05,26.606000900268555,13.1,4.9,62.22541262836929,-35.61941172810074
2024-04-06,26.606000900268555,17.2,0.8000000000000007,64.62237279089132,-38.016371890622764
2024-04-07,26.606000900268555,14.9,3.0999999999999996,63.27773660215944,-36.67173570189089
2024-04-08,27.908000946044922,14.0,4.0,62.75157461526437,-34.843573669219445
2024-04-09,27.35099983215332,11.2,6.800000000000001,61.11462621159079,-33.76362637943747
2024-04-10,27.100000381469727,10.8,7.199999999999999,60.88077643963742,-33.780776058167696
2024-04-11,29.37700080871582,13.1,4.9,62.22541262836929,-32.84841181965347
2024-04-12,30.73200035095215,14.3,3.6999999999999993,62.9269619442294,-32.19496159327725
2024-04-13,30.73200035095215,15.4,2.5999999999999996,63.57004881710116,-32.83804846614901
2024-04-14,30.73200035095215,10.5,7.5,60.70538911067239,-29.973388759720244
2024-04-15,31.14299964904785,8.1,9.9,59.30229047895218,-28.15929082990433
2024-04-16,33.138999938964844,7.9,10.1,59.1853655929755,-26.046365654010657
2024-04-17,31.288999557495117,6.2,11.8,58.191504062173685,-26.902504504678568
2024-04-18,32.308998107910156,7.2,10.8,58.776128492057104,-26.467130384146948
2024-04-19,30.757999420166016,8.2,9.8,59.360752921940524,-28.602753501774508
2024-04-20,30.757999420166016,6.9,11.1,58.60074116309208,-27.842741742926066
2024-04-21,30.757999420166016,6.3,11.7,58.24996650516202,-27.491967084996006
2024-04-22,29.309999465942383,5.5,12.5,57.78226696125529,-28.472267495312906
2024-04-23,28.41699981689453,5.5,12.5,57.78226696125529,-29.365267144360757
2024-04-24,29.01799964904785,6.4,11.6,58.308428948150365,-29.290429299102513
2024-04-25,29.770999908447266,6.3,11.7,58.24996650516202,-28.478966596714756
2024-04-26,28.88599967956543,7.2,10.8,58.776128492057104,-29.890128812491675
2024-04-27,28.88599967956543,10.4,7.6,60.64692666768405,-31.76092698811862
2024-04-28,28.88599967956543,12.1,5.9,61.640788198485865,-32.754788518920435
2024-04-29,27.993999481201172,11.8,6.199999999999999,61.46540086952084,-33.47140138831967
2024-04-30,29.118000030517578,15.6,2.4000000000000004,63.68697370307784,-34.56897367256026
2024-05-01,28.729999542236328,18.3,0.0,65.09007233479805,-36.36007279256172
2024-05-02,30.913000106811523,16.9,1.1000000000000014,64.44698546192629,-33.533985355114766
2024-05-03,30.527999877929688,11.5,6.5,61.29001354055581,-30.762013662626124
2024-05-04,30.527999877929688,11.5,6.5,61.29001354055581,-30.762013662626124
2024-05-05,30.527999877929688,12.3,5.699999999999999,61.75771308446255,-31.229713206532864
2024-05-06,31.801000595092773,13.8,4.199999999999999,62.63464972928768,-30.833649134194907
2024-05-07,31.066999435424805,13.3,4.699999999999999,62.34233751434597,-31.275338078921166
2024-05-08,30.608999252319336,12.1,5.9,61.640788198485865,-31.03178894616653
2024-05-09,30.864999771118164,11.9,6.1,61.523863312509185,-30.65886354139102
2024-05-10,30.02899932861328,14.1,3.9000000000000004,62.81003705825271,-32.78103772963943
2024-05-11,30.02899932861328,15.4,2.5999999999999996,63.57004881710116,-33.54104948848788
2024-05-12,30.02899932861328,18.3,0.0,65.09007233479805,-35.06107300618477
2024-05-13,29.577999114990234,18.8,0.0,65.09007233479805,-35.51207321980782
2024-05-14,29.66900062561035,19.3,0.0,65.09007233479805,-35.4210717091877
2024-05-15,29.733999252319336,15.8,2.1999999999999993,63.803898589054526,-34.06989933673519
2024-05-16,30.24799919128418,15.4,2.5999999999999996,63.57004881710116,-33.32204962581698
2024-05-17,30.768999099731445,15.1,2.9000000000000004,63.39466148813613,-32.625662388404685
2024-05-18,30.768999099731445,17.1,0.8999999999999986,64.56391034790298,-33.79491124817153
2024-05-19,30.768999099731445,16.5,1.5,64.21313568997292,-33.44413659024147
2024-05-20,31.76799964904785,15.5,2.5,63.628511260089496,-31.860511611041645
2024-05-21,33.00400161743164,17.2,0.8000000000000007,64.62237279089132,-31.61837117345968
2024-05-22,34.388999938964844,15.6,2.4000000000000004,63.68697370307784,-29.297973764112996
2024-05-23,35.22800064086914,15.0,3.0,63.33619904514779,-28.108198404278646
2024-05-24,34.1150016784668,15.0,3.0,63.33619904514779,-29.22119736668099
2024-05-25,34.1150016784668,14.9,3.0999999999999996,63.27773660215944,-29.162734923692646
2024-05-26,34.1150016784668,15.4,2.5999999999999996,63.57004881710116,-29.455047138634363
2024-05-27,34.1150016784668,14.1,3.9000000000000004,62.81003705825271,-28.695035379785914
2024-05-28,33.534000396728516,14.1,3.9000000000000004,62.81003705825271,-29.276036661524195
2024-05-29,33.87900161743164,14.6,3.4000000000000004,63.10234927319442,-29.22334765576278
2024-05-30,35.19200134277344,13.8,4.199999999999999,62.63464972928768,-27.442648386514243
2024-05-31,34.222999572753906,15.3,2.6999999999999993,63.51158637411282,-29.28858680135891
2024-06-01,34.222999572753906,15.3,2.6999999999999993,63.51158637411282,-29.28858680135891
2024-06-02,34.222999572753906,13.8,4.199999999999999,62.63464972928768,-28.411650156533774
2024-06-03,36.013999938964844,13.6,4.4,62.517724843311,-26.503724904346157
2024-06-04,33.797000885009766,15.4,2.5999999999999996,63.57004881710116,-29.773047932091394
2024-06-05,33.35499954223633,12.5,5.5,61.87463797043924,-28.51963842820291
2024-06-06,33.68600082397461,12.5,5.5,61.87463797043924,-28.18863714646463
2024-06-07,33.10900115966797,13.3,4.699999999999999,62.34233751434597,-29.233336354678002
2024-06-08,33.10900115966797,13.1,4.9,62.22541262836929,-29.116411468701322
2024-06-09,33.10900115966797,12.6,5.4,61.933100413427574,-28.824099253759606
2024-06-10,34.257999420166016,11.2,6.800000000000001,61.11462621159079,-26.856626791424773
2024-06-11,34.28499984741211,11.7,6.300000000000001,61.4069384265325,-27.12193857912039
2024-06-12,35.29399871826172,11.2,6.800000000000001,61.11462621159079,-25.82062749332907
2024-06-13,35.7239990234375,13.5,4.5,62.45926240032266,-26.735263376885158
2024-06-14,35.36000061035156,14.8,3.1999999999999993,63.21927415917111,-27.859273548819544
2024-06-15,35.36000061035156,13.6,4.4,62.517724843311,-27.15772423295944
2024-06-16,35.36000061035156,14.2,3.8000000000000007,62.868499501241054,-27.50849889088949
2024-06-17,34.209999084472656,15.2,2.8000000000000007,63.45312393112447,-29.243124846651817
2024-06-18,34.70000076293945,15.3,2.6999999999999993,63.51158637411282,-28.811585611173363
2024-06-19,34.70000076293945,14.9,3.0999999999999996,63.27773660215944,-28.57773583921999
2024-06-20,34.4640007019043,15.0,3.0,63.33619904514779,-28.87219834324349
2024-06-21,33.93600082397461,15.5,2.5,63.628511260089496,-29.692510436114887
2024-06-22,33.93600082397461,15.9,2.0999999999999996,63.86236103204287,-29.92636020806826
2024-06-23,33.93600082397461,17.3,0.6999999999999993,64.68083523387966,-30.744834409905053
2024-06-24,34.08000183105469,18.9,0.0,65.09007233479805,-31.010070503743364
2024-06-25,34.85300064086914,21.2,0.0,65.09007233479805,-30.23707169392891
2024-06-26,33.82400131225586,22.9,0.0,65.09007233479805,-31.266071022542192
2024-06-27,34.564998626708984,21.2,0.0,65.09007233479805,-30.525073708089067
2024-06-28,34.47999954223633,16.5,1.5,64.21313568997292,-29.733136147736587
2024-06-29,34.47999954223633,18.1,0.0,65.09007233479805,-30.610072792561724
2024-06-30,34.47999954223633,16.6,1.3999999999999986,64.27159813296126,-29.79159859072493
2024-07-01,33.48500061035156,15.2,2.8000000000000007,63.45312393112447,-29.96812332077291
2024-07-02,33.685001373291016,14.5,3.5,63.04388683020608,-29.35888545691506
2024-07-03,32.691001892089844,13.5,4.5,62.45926240032266,-29.768260508232814
2024-07-04,32.691001892089844,15.3,2.6999999999999993,63.51158637411282,-30.820584482022973
2024-07-05,33.06700134277344,15.7,2.3000000000000007,63.74543614606618,-30.678434803292745
2024-07-06,33.06700134277344,15.7,2.3000000000000007,63.74543614606618,-30.678434803292745
2024-07-07,33.06700134277344,13.8,4.199999999999999,62.63464972928768,-29.567648386514243
2024-07-08,32.2859992980957,15.7,2.3000000000000007,63.74543614606618,-31.45943684797048
2024-07-09,31.334999084472656,19.9,0.0,65.09007233479805,-33.755073250325395
2024-07-10,30.784000396728516,18.0,0.0,65.09007233479805,-34.306071938069536
2024-07-11,31.11199951171875,16.5,1.5,64.21313568997292,-33.101136178254166
2024-07-12,31.7189998626709,14.5,3.5,63.04388683020608,-31.32488696753518
2024-07-13,31.7189998626709,14.5,3.5,63.04388683020608,-31.32488696753518
2024-07-14,31.7189998626709,15.9,2.0999999999999996,63.86236103204287,-32.14336116937197
2024-07-15,31.371000289916992,18.6,0.0,65.09007233479805,-33.71907204488106
2024-07-16,32.797000885009766,17.6,0.3999999999999986,64.85622256284468,-32.05922167783491
2024-07-17,31.89299964904785,17.0,1.0,64.50544790491463,-32.61244825586678
2024-07-18,32.67399978637695,18.9,0.0,65.09007233479805,-32.4160725484211
2024-07-19,32.16999816894531,22.4,0.0,65.09007233479805,-32.92007416585274
2024-07-20,32.16999816894531,22.6,0.0,65.09007233479805,-32.92007416585274
2024-07-21,32.16999816894531,19.4,0.0,65.09007233479805,-32.92007416585274
2024-07-22,31.839000701904297,18.2,0.0,65.09007233479805,-33.251071632893755
2024-07-23,31.621999740600586,18.4,0.0,65.09007233479805,-33.468072594197466
2024-07-24,32.62099838256836,17.0,1.0,64.50544790491463,-31.884449522346273
2024-07-25,31.77899932861328,18.4,0.0,65.09007233479805,-33.31107300618477
2024-07-26,32.474998474121094,18.1,0.0,65.09007233479805,-32.61507386067696
2024-07-27,32.474998474121094,17.5,0.5,64.79776011985633,-32.32276164573524
2024-07-28,32.474998474121094,17.8,0.1999999999999993,64.97314744882136,-32.49814897470027
2024-07-29,33.87300109863281,19.5,0.0,65.09007233479805,-31.21707123616524
2024-07-30,34.361000061035156,22.1,0.0,65.09007233479805,-30.729072273762895
2024-07-31,35.86800003051758,20.8,0.0,65.09007233479805,-29.222072304280474
2024-08-01,36.96900177001953,19.3,0.0,65.09007233479805,-28.12107056477852
2024-08-02,36.64899826049805,19.4,0.0,65.09007233479805,-28.441074074300005
2024-08-03,36.64899826049805,20.0,0.0,65.09007233479805,-28.441074074300005
2024-08-04,36.64899826049805,17.1,0.8999999999999986,64.56391034790298,-27.91491208740493
2024-08-05,35.49800109863281,18.8,0.0,65.09007233479805,-29.59207123616524
2024-08-06,36.67599868774414,20.9,0.0,65.09007233479805,-28.41407364705391
2024-08-07,38.45100021362305,19.2,0.0,65.09007233479805,-26.639072121175005
2024-08-08,40.095001220703125,19.8,0.0,65.09007233479805,-24.995071114094927
2024-08-09,40.395999908447266,19.7,0.0,65.09007233479805,-24.694072426350786
2024-08-10,40.395999908447266,19.0,0.0,65.09007233479805,-24.694072426350786
2024-08-11,40.395999908447266,20.8,0.0,65.09007233479805,-24.694072426350786
2024-08-12,39.65800094604492,23.2,0.0,65.09007233479805,-25.43207138875313
2024-08-13,39.47999954223633,22.7,0.0,65.09007233479805,-25.610072792561724
2024-08-14,38.96699905395508,20.1,0.0,65.09007233479805,-26.123073280842974
2024-08-15,39.60100173950195,20.4,0.0,65.09007233479805,-25.4890705952961
2024-08-16,39.64400100708008,19.7,0.0,65.09007233479805,-25.446071327717974
2024-08-17,39.64400100708008,18.5,0.0,65.09007233479805,-25.446071327717974
2024-08-18,39.64400100708008,17.4,0.6000000000000014,64.73929767686799,-25.095296669787913
2024-08-19,39.845001220703125,18.2,0.0,65.09007233479805,-25.245071114094927
2024-08-20,37.957000732421875,18.2,0.0,65.09007233479805,-27.133071602376177
2024-08-21,37.0099983215332,16.5,1.5,64.21313568997292,-27.203137368439712
2024-08-22,36.58700180053711,18.5,0.0,65.09007233479805,-28.503070534260942
2024-08-23,36.862998962402344,19.3,0.0,65.09007233479805,-28.227073372395708
2024-08-24,36.862998962402344,18.8,0.0,65.09007233479805,-28.227073372395708
2024-08-25,36.862998962402344,16.5,1.5,64.21313568997292,-27.350136727570572
2024-08-26,37.65599822998047,16.9,1.1000000000000014,64.44698546192629,-26.79098723194582
2024-08-27,38.68899917602539,18.0,0.0,65.09007233479805,-26.40107315877266
2024-08-28,38.52000045776367,20.4,0.0,65.09007233479805,-26.57007187703438
2024-08-29,38.60100173950195,18.9,0.0,65.09007233479805,-26.4890705952961
2024-08-30,39.823001861572266,17.1,0.8999999999999986,64.56391034790298,-24.74090848633071
2024-08-31,39.823001861572266,18.3,0.0,65.09007233479805,-25.267070473225786
2024-09-01,39.823001861572266,21.7,0.0,65.09007233479805,-25.267070473225786
2024-09-02,39.823001861572266,21.9,0.0,65.09007233479805,-25.267070473225786
2024-09-03,37.19300079345703,19.5,0.0,65.09007233479805,-27.89707154134102
2024-09-04,35.79800033569336,17.8,0.1999999999999993,64.97314744882136,-29.175147113128006
2024-09-05,36.19499969482422,21.9,0.0,65.09007233479805,-28.895072639973833
2024-09-06,36.479000091552734,21.5,0.0,65.09007233479805,-28.611072243245317
2024-09-07,36.479000091552734,20.3,0.0,65.09007233479805,-28.611072243245317
2024-09-08,36.479000091552734,18.8,0.0,65.09007233479805,-28.611072243245317
2024-09-09,37.33300018310547,16.5,1.5,64.21313568997292,-26.880135506867447
2024-09-10,35.28200149536133,15.3,2.6999999999999993,63.51158637411282,-28.22958487875149
2024-09-11,36.141998291015625,11.0,7.0,60.9977013256141,-24.855703034598477
2024-09-12,35.191001892089844,10.4,7.6,60.64692666768405,-25.455924775594205
2024-09-13,35.64799880981445,11.8,6.199999999999999,61.46540086952084,-25.81740205970639
2024-09-14,35.64799880981445,12.4,5.6,61.816175527450895,-26.16817671763644
2024-09-15,35.64799880981445,13.9,4.1,62.693112172276024,-27.04511336246157
2024-09-16,34.08100128173828,14.9,3.0999999999999996,63.27773660215944,-29.196735320421162
2024-09-17,35.547000885009766,15.7,2.3000000000000007,63.74543614606618,-28.198435261056417
2024-09-18,35.244998931884766,16.9,1.1000000000000014,64.44698546192629,-29.201986530041523
2024-09-19,33.08300018310547,17.3,0.6999999999999993,64.68083523387966,-31.597835050774194
2024-09-20,34.444000244140625,17.6,0.3999999999999986,64.85622256284468,-30.412222318704053
2024-09-21,34.444000244140625,17.4,0.6000000000000014,64.73929767686799,-30.295297432727367
2024-09-22,34.444000244140625,17.7,0.3000000000000007,64.91468500583302,-30.470684761692397
2024-09-23,36.21099853515625,16.6,1.3999999999999986,64.27159813296126,-28.06059959780501
2024-09-24,35.41299819946289,14.6,3.4000000000000004,63.10234927319442,-27.68935107373153
2024-09-25,37.319000244140625,13.9,4.1,62.693112172276024,-25.3741119281354
2024-09-26,37.88999938964844,15.2,2.8000000000000007,63.45312393112447,-25.563124541476036
2024-09-27,38.11399841308594,12.3,5.699999999999999,61.75771308446255,-23.643714671376614
2024-09-28,38.11399841308594,10.7,7.300000000000001,60.82231399664908,-22.70831558356314
2024-09-29,38.11399841308594,10.2,7.800000000000001,60.53000178170737,-22.416003368621432
2024-09-30,39.04399871826172,11.7,6.300000000000001,61.4069384265325,-22.36293970827078
2024-10-01,39.27299880981445,13.2,4.800000000000001,62.28387507135763,-23.010876261543174
2024-10-02,38.617000579833984,11.9,6.1,61.523863312509185,-22.9068627326752
2024-10-03,39.9119987487793,10.5,7.5,60.70538911067239,-20.793390361893096
2024-10-04,40.97999954223633,9.1,8.9,59.88691490883561,-18.90691536659928
2024-10-05,40.97999954223633,9.2,8.8,59.94537735182394,-18.965377809587615
2024-10-06,40.97999954223633,10.9,7.1,60.93923888262576,-19.95923934038943
2024-10-07,40.24399948120117,14.6,3.4000000000000004,63.10234927319442,-22.85834979199325
2024-10-08,38.91899871826172,14.9,3.0999999999999996,63.27773660215944,-24.358737883897724
2024-10-09,38.340999603271484,13.4,4.6,62.400799957334314,-24.05980035406283
2024-10-10,40.292999267578125,11.7,6.300000000000001,61.4069384265325,-21.113939158954373
2024-10-11,39.87900161743164,8.9,9.1,59.76999002285892,-19.89098840542728
2024-10-12,39.87900161743164,9.2,8.8,59.94537735182394,-20.066375734392302
2024-10-13,39.87900161743164,10.5,7.5,60.70538911067239,-20.826387493240752
2024-10-14,40.558998107910156,8.2,9.8,59.360752921940524,-18.801754814030367
2024-10-15,39.972999572753906,9.7,8.3,60.23768956676565,-20.264689994011746
2024-10-16,39.24100112915039,15.7,2.3000000000000007,63.74543614606618,-24.504435016915792
2024-10-17,39.650001525878906,15.9,2.0999999999999996,63.86236103204287,-24.212359506163963
2024-10-18,39.20399856567383,14.9,3.0999999999999996,63.27773660215944,-24.073738036485615
2024-10-19,39.20399856567383,14.4,3.5999999999999996,62.98542438721773,-23.781425821543905
2024-10-20,39.20399856567383,15.5,2.5,63.628511260089496,-24.424512694415668
2024-10-21,40.02399826049805,13.9,4.1,62.693112172276024,-22.669113911777977
2024-10-22,40.70399856567383,12.2,5.800000000000001,61.69925064147421,-20.99525207580038
2024-10-23,41.380001068115234,11.4,6.6,61.231551097567475,-19.85155002945224
2024-10-24,42.15399932861328,10.4,7.6,60.64692666768405,-18.492927339070768
2024-10-25,43.51300048828125,13.5,4.5,62.45926240032266,-18.946261912041408
2024-10-26,43.51300048828125,13.9,4.1,62.693112172276024,-19.180111683994774
2024-10-27,43.51300048828125,12.8,5.199999999999999,62.05002529940426,-18.53702481112301
2024-10-28,42.51900100708008,12.6,5.4,61.933100413427574,-19.414099406347496
2024-10-29,42.86899948120117,13.8,4.199999999999999,62.63464972928768,-19.76565024808651
2024-10-30,40.90299987792969,12.6,5.4,61.933100413427574,-21.030100535497887
2024-10-31,40.5880012512207,10.7,7.300000000000001,60.82231399664908,-20.234312745428376
2024-11-01,39.17499923706055,11.9,6.1,61.523863312509185,-22.34886407544864
2024-11-02,39.17499923706055,10.9,7.1,60.93923888262576,-21.764239645565212
2024-11-03,39.17499923706055,6.8,11.2,58.54227872010374,-19.36727948304319
2024-11-04,40.30099868774414,7.2,10.8,58.776128492057104,-18.475129804312964
2024-11-05,40.492000579833984,6.8,11.2,58.54227872010374,-18.050278140269754
2024-11-06,40.38800048828125,9.2,8.8,59.94537735182394,-19.557376863542693
2024-11-07,41.2760009765625,6.9,11.1,58.60074116309208,-17.32474018652958
2024-11-08,42.409000396728516,4.7,13.3,57.31456741734855,-14.905567020620033
2024-11-09,42.409000396728516,6.3,11.7,58.24996650516202,-15.840966108433506
2024-11-10,42.409000396728516,8.4,9.6,59.47767780791721,-17.068677411188695
2024-11-11,43.72800064086914,10.2,7.800000000000001,60.53000178170737,-16.80200114083823
2024-11-12,44.255001068115234,8.5,9.5,59.536140250905554,-15.28113918279032
2024-11-13,43.66600036621094,9.3,8.7,60.003839794812286,-16.33783942860135
2024-11-14,46.2239990234375,10.6,7.4,60.763851553660736,-14.539852530223236
2024-11-15,46.55099868774414,9.3,8.7,60.003839794812286,-13.452841107068146
2024-11-16,46.55099868774414,10.2,7.800000000000001,60.53000178170737,-13.979003093963229
2024-11-17,46.55099868774414,7.3,10.7,58.83459093504545,-12.283592247301307
2024-11-18,46.900001525878906,5.4,12.6,57.723804518266945,-10.823802992388039
2024-11-19,45.667999267578125,3.8,14.2,56.78840543045347,-11.120406162875348
2024-11-20,46.79600143432617,2.2,15.8,55.85300634264,-9.057004908313829
2024-11-21,48.303001403808594,2.1,15.9,55.79454389965166,-7.491542495843063
2024-11-22,47.018001556396484,2.8,15.2,56.20378100057005,-9.18577944417357
2024-11-23,47.018001556396484,4.1,13.9,56.963792759418496,-9.945791203022011
2024-11-24,47.018001556396484,14.6,3.4000000000000004,63.10234927319442,-16.084347716797936
2024-11-25,47.733001708984375,12.2,5.800000000000001,61.69925064147421,-13.966248932489833
2024-11-26,47.215999603271484,7.2,10.8,58.776128492057104,-11.56012888878562
2024-11-27,46.762001037597656,7.4,10.6,58.89305337803379,-12.131052340436135
2024-11-28,46.762001037597656,7.3,10.7,58.83459093504545,-12.072589897447791
2024-11-29,47.81100082397461,3.5,14.5,56.61301810148845,-8.80201727751384
2024-11-30,47.81100082397461,4.1,13.9,56.963792759418496,-9.152791935443886
2024-12-01,47.81100082397461,6.3,11.7,58.24996650516202,-10.438965681187412
2024-12-02,48.654998779296875,9.1,8.9,59.88691490883561,-11.231916129538732
2024-12-03,48.55699920654297,6.2,11.8,58.191504062173685,-9.634504855630716
2024-12-04,47.04600143432617,4.8,13.2,57.37302986033689,-10.32702842601072
2024-12-05,46.55099868774414,7.1,10.9,58.71766604906876,-12.16666736132462
2024-12-06,46.47999954223633,8.3,9.7,59.41921536492887,-12.939215822692539
2024-12-07,46.47999954223633,7.6,10.4,59.00997826401047,-12.529978721774143
2024-12-08,46.47999954223633,6.3,11.7,58.24996650516202,-11.769966962925693
2024-12-09,44.85499954223633,6.0,12.0,58.074579176197,-13.21957963396067
2024-12-10,45.551998138427734,5.0,13.0,57.48995474631358,-11.937956607885845
2024-12-11,44.694000244140625,3.6,14.4,56.671480544476786,-11.977480300336161
2024-12-12,42.80400085449219,4.3,13.7,57.08071764539518,-14.276716790902995
2024-12-13,41.21500015258789,2.1,15.9,55.79454389965166,-14.579543747063767
2024-12-14,41.21500015258789,4.2,13.8,57.02225520240684,-15.807255049818949
2024-12-15,41.21500015258789,9.0,9.0,59.82845246584726,-18.613452313259373
2024-12-16,40.277000427246094,10.1,7.9,60.471539338719026,-20.194538911472932
2024-12-17,42.064998626708984,8.4,9.6,59.47767780791721,-17.412679181208226
2024-12-18,41.00699996948242,10.6,7.4,60.763851553660736,-19.756851584178314
2024-12-19,43.077999114990234,8.1,9.9,59.30229047895218,-16.224291363961946
2024-12-20,44.130001068115234,6.4,11.6,58.308428948150365,-14.17842788003513
2024-12-21,44.130001068115234,8.1,9.9,59.30229047895218,-15.172289410836946
2024-12-22,44.130001068115234,5.4,12.6,57.723804518266945,-13.59380345015171
2024-12-23,45.54499816894531,6.7,11.3,58.483816277115395,-12.938818108170082
2024-12-24,45.73099899291992,6.4,11.6,58.308428948150365,-12.577429955230443
2024-12-25,45.73099899291992,9.3,8.7,60.003839794812286,-14.272840801892364
2024-12-26,45.73099899291992,7.8,10.2,59.12690314998716,-13.395904157067235
2024-12-27,47.73099899291992,3.3,14.7,56.49609321551176,-8.765094222591841
2024-12-28,47.73099899291992,2.1,15.9,55.79454389965166,-8.063544906731735
2024-12-29,47.73099899291992,5.5,12.5,57.78226696125529,-10.051267968335367
2024-12-30,47.632999420166016,7.4,10.6,58.89305337803379,-11.260053957867775
2024-12-31,48.888999938964844,5.9,12.1,58.016116733208655,-9.127116794243811
2025-01-01,48.888999938964844,8.3,9.7,59.41921536492887,-10.530215425964023
2025-01-02,50.27299880981445,4.1,13.9,56.963792759418496,-6.690793949604043
2025-01-03,49.62200164794922,2.7,15.3,56.14531855758171,-6.5233169096324914
2025-01-04,49.62200164794922,1.5,16.5,55.443769241721604,-5.821767593772385
2025-01-05,49.62200164794922,5.2,12.8,57.60687963229026,-7.98487798434104
2025-01-06,47.32600021362305,8.8,9.2,59.71152757987058,-12.38552736624753
2025-01-07,47.4739990234375,3.8,14.2,56.78840543045347,-9.314406407015973
2025-01-08,45.558998107910156,3.1,14.9,56.37916832953508,-10.82017022162492
2025-01-09,44.98699951171875,2.3,15.7,55.911468785628344,-10.924469273909594
2025-01-10,45.007999420166016,2.8,15.2,56.20378100057005,-11.195781580404038
2025-01-11,45.007999420166016,1.6,16.4,55.50223168470995,-10.494232264543932
2025-01-12,45.007999420166016,2.4,15.6,55.96993122861668,-10.961931808450665
2025-01-13,48.26100158691406,0.5,17.5,54.85914481183818,-6.598143224924115
2025-01-14,46.946998596191406,4.0,14.0,56.90533031643015,-9.958331720238746
2025-01-15,47.00600051879883,6.6,11.4,58.42535383412705,-11.419353315328223
2025-01-16,46.24100112915039,4.6,13.4,57.256104974360206,-11.015103845209815
2025-01-17,46.887001037597656,2.0,16.0,55.736081456663314,-8.849080419065658
2025-01-18,46.887001037597656,-0.7,18.7,54.15759549597808,-7.2705944583804225
2025-01-19,46.887001037597656,-0.8,18.8,54.099133052989735,-7.212132015392079
2025-01-20,46.887001037597656,0.2,17.8,54.683757482873155,-7.7967564452754985
2025-01-21,50.027000427246094,0.7,17.3,54.976069697814864,-4.949069270568771
2025-01-22,48.715999603271484,1.1,16.9,55.20991946976824,-6.4939198664967535
2025-01-23,49.12300109863281,5.2,12.8,57.60687963229026,-8.483878533657446
2025-01-24,49.70199966430664,7.7,10.3,59.068440706998814,-9.366441042692173
2025-01-25,49.70199966430664,5.2,12.8,57.60687963229026,-7.904879967983618
2025-01-26,49.70199966430664,3.6,14.4,56.671480544476786,-6.9694808801701456
2025-01-27,47.86199951171875,8.5,9.5,59.536140250905554,-11.674140739186804
2025-01-28,48.2239990234375,7.5,10.5,58.95151582102213,-10.727516797584627
2025-01-29,51.15599822998047,6.8,11.2,58.54227872010374,-7.386280490123269
2025-01-30,51.72600173950195,5.3,12.7,57.6653420752786,-5.939340335776649
2025-01-31,53.23699951171875,3.2,14.8,56.43763077252342,-3.20063126080467
2025-02-01,53.23699951171875,1.2,16.8,55.268381912756574,-2.031382401037824
2025-02-02,53.23699951171875,-0.1,18.1,54.50837015390813,-1.2713706421893818
2025-02-03,53.79399871826172,0.9,17.1,55.09299458379155,-1.2989958655298324
2025-02-04,52.04800033569336,2.9,15.1,56.26224344355839,-4.21424310786503
2025-02-05,53.4379997253418,5.4,12.6,57.723804518266945,-4.285804792925148
2025-02-06,54.50199890136719,3.4,14.6,56.55455565850011,-2.052556757132919
2025-02-07,55.722999572753906,2.6,15.4,56.08685611459337,-0.3638565418394606
2025-02-08,55.722999572753906,3.9,14.1,56.846867873441816,-1.12386830068791
2025-02-09,55.722999572753906,3.3,14.7,56.49609321551176,-0.773093642757857
2025-02-10,58.03900146484375,1.9,16.1,55.67761901367497,2.3613824511687795
2025-02-11,57.76599884033203,2.4,15.6,55.96993122861668,1.7960676117153511
2025-02-12,55.6609992980957,3.6,14.4,56.671480544476786,-1.010481246381083
2025-02-13,51.382999420166016,1.0,17.0,55.151457026779894,-3.768457606613879
2025-02-14,50.685001373291016,0.7,17.3,54.976069697814864,-4.291068324523849
2025-02-15,50.685001373291016,1.1,16.9,55.20991946976824,-4.524918096477222
2025-02-16,50.685001373291016,0.5,17.5,54.85914481183818,-4.174143438547162
2025-02-17,50.685001373291016,-1.2,19.2,53.86528328103637,-3.1802819077453535
2025-02-18,49.21500015258789,-1.0,19.0,53.98220816701305,-4.767208014425158
2025-02-19,48.263999938964844,0.9,17.1,55.09299458379155,-6.828994644826707
2025-02-20,47.49399948120117,6.5,11.5,58.36689139113871,-10.872891909937536
2025-02-21,47.19499969482422,12.7,5.300000000000001,61.99156285641592,-14.796563161591699
2025-02-22,47.19499969482422,9.9,8.1,60.35461445274234,-13.15961475791812
2025-02-23,47.19499969482422,9.7,8.3,60.23768956676565,-13.042689871941434
2025-02-24,47.14400100708008,10.0,8.0,60.41307689573068,-13.269075888650605
2025-02-25,44.29100036621094,7.6,10.4,59.00997826401047,-14.718977897799533
2025-02-26,41.33599853515625,7.0,11.0,58.65920360608042,-17.323205070924168
2025-02-27,44.93000030517578,5.5,12.5,57.78226696125529,-12.852266656079507
2025-02-28,44.31999969482422,5.1,12.9,57.548417189301915,-13.228417494477696
2025-03-01,44.31999969482422,3.5,14.5,56.61301810148845,-12.293018406664231
2025-03-02,44.31999969482422,2.2,15.8,55.85300634264,-11.533006647815782
2025-03-03,45.2130012512207,1.6,16.4,55.50223168470995,-10.289230433489244
2025-03-04,43.4640007019043,3.2,14.8,56.43763077252342,-12.973630070619123
2025-03-05,41.507999420166016,6.1,11.9,58.13304161918534,-16.625042199019326
2025-03-06,38.2400016784668,8.0,10.0,59.243828035963844,-21.003826357497047
2025-03-07,39.97100067138672,10.2,7.800000000000001,60.53000178170737,-20.55900111032065
2025-03-08,39.97100067138672,10.7,7.300000000000001,60.82231399664908,-20.85131332526236
2025-03-09,39.97100067138672,10.0,8.0,60.41307689573068,-20.442076224343964
2025-03-10,41.231998443603516,8.2,9.8,59.360752921940524,-18.128754478337008
2025-03-11,42.709999084472656,5.7,12.3,57.899191847231975,-15.189192762759319
2025-03-12,42.25400161743164,4.6,13.4,57.256104974360206,-15.002103356928565
2025-03-13,42.07600021362305,3.3,14.7,56.49609321551176,-14.420093001888716
2025-03-14,42.290000915527344,2.6,15.4,56.08685611459337,-13.796855199066023
2025-03-15,42.290000915527344,3.2,14.8,56.43763077252342,-14.147629856996076
2025-03-16,42.290000915527344,3.6,14.4,56.671480544476786,-14.381479628949442
2025-03-17,41.24800109863281,4.7,13.3,57.31456741734855,-16.066566318715736
2025-03-18,40.755001068115234,4.2,13.8,57.02225520240684,-16.267254134291605
2025-03-19,43.35499954223633,7.3,10.7,58.83459093504545,-15.47959139280912
2025-03-20,42.85499954223633,10.2,7.800000000000001,60.53000178170737,-17.67500223947104
2025-03-21,42.60499954223633,13.2,4.800000000000001,62.28387507135763,-19.6788755291213
2025-03-22,42.60499954223633,13.8,4.199999999999999,62.63464972928768,-20.029650187051352
2025-03-23,42.60499954223633,12.0,6.0,61.58232575549752,-18.977326213261193
2025-03-24,42.74800109863281,9.1,8.9,59.88691490883561,-17.138913810202794
2025-03-25,41.55500030517578,8.1,9.9,59.30229047895218,-17.7472901737764
2025-03-26,40.869998931884766,8.2,9.8,59.360752921940524,-18.490753990055758
2025-03-27,41.20199966430664,7.7,10.3,59.068440706998814,-17.866441042692173
2025-03-28,40.58700180053711,7.9,10.1,59.1853655929755,-18.59836379243839
2025-03-29,40.58700180053711,7.6,10.4,59.00997826401047,-18.42297646347336
2025-03-30,40.58700180053711,9.5,8.5,60.12076468078897,-19.533762880251864
2025-03-31,40.66699981689453,7.9,10.1,59.1853655929755,-18.51836577608097
2025-04-01,42.45000076293945,8.4,9.6,59.47767780791721,-17.027677044977757
2025-04-02,41.26300048828125,10.7,7.300000000000001,60.82231399664908,-19.55931350836783
2025-04-03,39.202999114990234,13.3,4.699999999999999,62.34233751434597,-23.139338399355736
2025-04-04,36.4010009765625,12.6,5.4,61.933100413427574,-25.532099436865074
2025-04-05,36.4010009765625,9.3,8.7,60.003839794812286,-23.602838818249786
2025-04-06,36.4010009765625,7.4,10.6,58.89305337803379,-22.49205240147129
2025-04-07,37.0,7.3,10.7,58.83459093504545,-21.834590935045448
2025-04-08,36.23099899291992,7.9,10.1,59.1853655929755,-22.95436660005558
2025-04-09,33.66600036621094,7.6,10.4,59.00997826401047,-25.343977897799533
2025-04-10,33.292999267578125,9.2,8.8,59.94537735182394,-26.652378084245818
2025-04-11,33.4630012512207,10.1,7.9,60.471539338719026,-27.008538087498323
2025-04-12,33.4630012512207,14.3,3.6999999999999993,62.9269619442294,-29.463960693008694
2025-04-13,33.4630012512207,13.3,4.699999999999999,62.34233751434597,-28.879336263125268
2025-04-14,34.499000549316406,12.4,5.6,61.816175527450895,-27.31717497813449
2025-04-15,34.40700149536133,13.9,4.1,62.693112172276024,-28.286110676914696
2025-04-16,35.3120002746582,10.8,7.199999999999999,60.88077643963742,-25.56877616497922
2025-04-17,35.65700149536133,9.9,8.1,60.35461445274234,-24.69761295738101
2025-04-18,35.65700149536133,10.0,8.0,60.41307689573068,-24.756075400369355
2025-04-19,35.65700149536133,9.0,9.0,59.82845246584726,-24.171450970485935
2025-04-20,35.65700149536133,9.9,8.1,60.35461445274234,-24.69761295738101
2025-04-21,35.65700149536133,10.5,7.5,60.70538911067239,-25.048387615311064
2025-04-22,34.24399948120117,11.7,6.300000000000001,61.4069384265325,-27.162938945331327
2025-04-23,34.15999984741211,11.4,6.6,61.231551097567475,-27.071551250155366
2025-04-24,33.57400131225586,10.4,7.6,60.64692666768405,-27.07292535542819
2025-04-25,32.43199920654297,10.4,7.6,60.64692666768405,-28.21492746114108
2025-04-26,32.43199920654297,11.6,6.4,61.348475983544155,-28.916476777001186
2025-04-27,32.43199920654297,13.7,4.300000000000001,62.57618728629934,-30.14418807975637
2025-04-28,32.39799880981445,14.2,3.8000000000000007,62.868499501241054,-30.4705006914266
2025-04-29,31.856000900268555,14.6,3.4000000000000004,63.10234927319442,-31.246348372925866
2025-04-30,32.31700134277344,16.7,1.3000000000000007,64.3300605759496,-32.013059233176165
2025-05-01,32.14899826049805,18.6,0.0,65.09007233479805,-32.941074074300005
2025-05-02,33.077999114990234,17.3,0.6999999999999993,64.68083523387966,-31.602836118889428
2025-05-03,33.077999114990234,12.3,5.699999999999999,61.75771308446255,-28.679713969472317
2025-05-04,33.077999114990234,10.0,8.0,60.41307689573068,-27.33507778074045
2025-05-05,32.93000030517578,9.2,8.8,59.94537735182394,-27.01537704664816
2025-05-06,34.74300003051758,9.7,8.3,60.23768956676565,-25.494689536248075
2025-05-07,34.53099822998047,10.6,7.4,60.763851553660736,-26.232853323680267
2025-05-08,35.340999603271484,12.5,5.5,61.87463797043924,-26.533638367167754
2025-05-09,34.61800003051758,13.2,4.800000000000001,62.28387507135763,-27.66587504084005
2025-05-10,34.61800003051758,15.0,3.0,63.33619904514779,-28.71819901463021
2025-05-11,34.61800003051758,18.1,0.0,65.09007233479805,-30.472072304280474
2025-05-12,35.38999938964844,18.8,0.0,65.09007233479805,-29.700072945149614
2025-05-13,35.74399948120117,16.9,1.1000000000000014,64.44698546192629,-28.702985980725117
2025-05-14,35.04800033569336,14.6,3.4000000000000004,63.10234927319442,-28.05434893750106
2025-05-15,35.29399871826172,13.6,4.4,62.517724843311,-27.223726125049282
2025-05-16,35.15599822998047,12.0,6.0,61.58232575549752,-26.426327525517053
2025-05-17,35.15599822998047,13.1,4.9,62.22541262836929,-27.069414398388822
2025-05-18,35.15599822998047,14.2,3.8000000000000007,62.868499501241054,-27.712501271260585
2025-05-19,35.224998474121094,14.8,3.1999999999999993,63.21927415917111,-27.994275685050013
2025-05-20,36.979000091552734,15.0,3.0,63.33619904514779,-26.357198953595052
2025-05-21,36.62099838256836,13.0,5.0,62.16695018538095,-25.54595180281259
2025-05-22,36.35599899291992,11.1,6.9,61.056163768602445,-24.700164775682524
2025-05-23,36.45000076293945,10.4,7.6,60.64692666768405,-24.196925904744596
2025-05-24,36.45000076293945,12.4,5.6,61.816175527450895,-25.36617476451144
2025-05-25,36.45000076293945,15.2,2.8000000000000007,63.45312393112447,-27.00312316818502
2025-05-26,36.45000076293945,14.5,3.5,63.04388683020608,-26.593886067266624
2025-05-27,37.00600051879883,14.2,3.8000000000000007,62.868499501241054,-25.862498982442226
2025-05-28,36.6870002746582,13.9,4.1,62.693112172276024,-26.00611189761782
2025-05-29,35.15800094604492,14.3,3.6999999999999993,62.9269619442294,-27.768960998184475
2025-05-30,34.22800064086914,16.3,1.6999999999999993,64.09621080399624,-29.868210163127102
2025-05-31,34.22800064086914,18.3,0.0,65.09007233479805,-30.86207169392891
2025-06-01,34.22800064086914,16.3,1.6999999999999993,64.09621080399624,-29.868210163127102
2025-06-02,35.01499938964844,14.3,3.6999999999999993,62.9269619442294,-27.91196255458096
2025-06-03,35.847999572753906,15.8,2.1999999999999993,63.803898589054526,-27.95589901630062
2025-06-04,35.650001525878906,15.6,2.4000000000000004,63.68697370307784,-28.036972177198933
2025-06-05,36.393001556396484,14.8,3.1999999999999993,63.21927415917111,-26.826272602774623
2025-06-06,36.250999450683594,15.0,3.0,63.33619904514779,-27.085199594464193
2025-06-07,36.250999450683594,13.3,4.699999999999999,62.34233751434597,-26.091338063662377
2025-06-08,36.250999450683594,12.6,5.4,61.933100413427574,-25.68210096274398
2025-06-09,35.60499954223633,14.7,3.3000000000000007,63.160811716182764,-27.555812173946435
2025-06-10,34.63800048828125,14.2,3.8000000000000007,62.868499501241054,-28.230499012959804
2025-06-11,35.91299819946289,14.8,3.1999999999999993,63.21927415917111,-27.306275959708216
2025-06-12,36.176998138427734,19.0,0.0,65.09007233479805,-28.913074196370317
2025-06-13,37.89400100708008,23.8,0.0,65.09007233479805,-27.196071327717974
2025-06-14,37.89400100708008,21.8,0.0,65.09007233479805,-27.196071327717974
2025-06-15,37.89400100708008,17.2,0.8000000000000007,64.62237279089132,-26.72837178381124
2025-06-16,37.90599822998047,17.2,0.8000000000000007,64.62237279089132,-26.71637456091085
2025-06-17,39.308998107910156,18.2,0.0,65.09007233479805,-25.781074226887895
2025-06-18,38.69300079345703,18.8,0.0,65.09007233479805,-26.39707154134102
2025-06-19,38.69300079345703,18.2,0.0,65.09007233479805,-26.39707154134102
2025-06-20,40.92900085449219,19.1,0.0,65.09007233479805,-24.161071480305864
2025-06-21,40.92900085449219,22.7,0.0,65.09007233479805,-24.161071480305864
2025-06-22,40.92900085449219,21.5,0.0,65.09007233479805,-24.161071480305864
2025-06-23,40.52199935913086,17.7,0.3000000000000007,64.91468500583302,-24.392685646702162
2025-06-24,35.6150016784668,17.9,0.10000000000000142,65.03160989180971,-29.41660821334291
2025-06-25,35.4010009765625,20.1,0.0,65.09007233479805,-29.68907135823555
2025-06-26,34.02399826049805,19.6,0.0,65.09007233479805,-31.066074074300005
2025-06-27,33.08700180053711,18.5,0.0,65.09007233479805,-32.00307053426094
2025-06-28,33.08700180053711,20.9,0.0,65.09007233479805,-32.00307053426094
2025-06-29,33.08700180053711,21.1,0.0,65.09007233479805,-32.00307053426094
2025-06-30,32.89799880981445,22.7,0.0,65.09007233479805,-32.1920735249836
2025-07-01,33.69300079345703,27.4,0.0,65.09007233479805,-31.39707154134102
2025-07-02,33.590999603271484,22.1,0.0,65.09007233479805,-31.499072731526567
2025-07-03,33.62099838256836,17.4,0.6000000000000014,64.73929767686799,-31.118299294299632
2025-07-04,33.43000030517578,18.9,0.0,65.09007233479805,-31.66007202962227
2025-07-05,33.43000030517578,18.7,0.0,65.09007233479805,-31.66007202962227
2025-07-06,33.43000030517578,17.5,0.5,64.79776011985633,-31.367759814680554
2025-07-07,33.62099838256836,15.6,2.4000000000000004,63.68697370307784,-30.06597532050948
2025-07-08,34.21900177001953,15.1,2.9000000000000004,63.39466148813613,-29.1756597181166
2025-07-09,34.30400085449219,17.6,0.3999999999999986,64.85622256284468,-30.55222170835249
2025-07-10,35.16999816894531,18.8,0.0,65.09007233479805,-29.92007416585274
2025-07-11,35.56100082397461,19.3,0.0,65.09007233479805,-29.529071510823442
2025-07-12,35.56100082397461,19.4,0.0,65.09007233479805,-29.529071510823442
2025-07-13,35.56100082397461,19.9,0.0,65.09007233479805,-29.529071510823442
2025-07-14,35.45399856567383,19.6,0.0,65.09007233479805,-29.636073769124224
2025-07-15,34.44499969482422,18.8,0.0,65.09007233479805,-30.645072639973833
2025-07-16,34.808998107910156,16.8,1.1999999999999993,64.38852301893795,-29.57952491102779
2025-07-17,34.40700149536133,17.8,0.1999999999999993,64.97314744882136,-30.566145953460037
2025-07-18,33.595001220703125,20.1,0.0,65.09007233479805,-31.495071114094927
2025-07-19,33.595001220703125,22.6,0.0,65.09007233479805,-31.495071114094927
2025-07-20,33.595001220703125,20.0,0.0,65.09007233479805,-31.495071114094927
2025-07-21,33.159000396728516,18.8,0.0,65.09007233479805,-31.931071938069536
2025-07-22,33.111000061035156,18.2,0.0,65.09007233479805,-31.979072273762895
2025-07-23,32.689998626708984,18.6,0.0,65.09007233479805,-32.40007370808907
2025-07-24,32.358001708984375,19.0,0.0,65.09007233479805,-32.73207062581368
2025-07-25,32.499000549316406,19.1,0.0,65.09007233479805,-32.591071785481645
2025-07-26,32.499000549316406,18.9,0.0,65.09007233479805,-32.591071785481645
2025-07-27,32.499000549316406,17.8,0.1999999999999993,64.97314744882136,-32.47414689950496
2025-07-28,32.89899826049805,17.2,0.8000000000000007,64.62237279089132,-31.723374530393272
2025-07-29,34.10300064086914,17.5,0.5,64.79776011985633,-30.694759478987194
2025-07-30,34.5369987487793,17.4,0.6000000000000014,64.73929767686799,-30.202298928088695
2025-07-31,35.27899932861328,17.9,0.10000000000000142,65.03160989180971,-29.752610563196427
2025-08-01,33.97200012207031,16.4,1.6000000000000014,64.15467324698457,-30.18267312491426
2025-08-02,33.97200012207031,16.4,1.6000000000000014,64.15467324698457,-30.18267312491426
2025-08-03,33.97200012207031,18.2,0.0,65.09007233479805,-31.11807221272774
2025-08-04,34.28300094604492,19.2,0.0,65.09007233479805,-30.80707138875313
2025-08-05,34.40599822998047,17.1,0.8999999999999986,64.56391034790298,-30.157912117922507
2025-08-06,33.25699996948242,17.2,0.8000000000000007,64.62237279089132,-31.365372821408897
2025-08-07,32.95100021362305,18.4,0.0,65.09007233479805,-32.139072121175005
2025-08-08,32.44599914550781,19.1,0.0,65.09007233479805,-32.64407318929024
2025-08-09,32.44599914550781,17.4,0.6000000000000014,64.73929767686799,-32.29329853136018
2025-08-10,32.44599914550781,18.8,0.0,65.09007233479805,-32.64407318929024
2025-08-11,32.999000549316406,20.2,0.0,65.09007233479805,-32.091071785481645
2025-08-12,32.409000396728516,23.2,0.0,65.09007233479805,-32.681071938069536
2025-08-13,32.599998474121094,23.7,0.0,65.09007233479805,-32.49007386067696
2025-08-14,32.14099884033203,22.6,0.0,65.09007233479805,-32.94907349446602
2025-08-15,31.0310001373291,20.9,0.0,65.09007233479805,-34.05907219746895
2025-08-16,31.0310001373291,18.6,0.0,65.09007233479805,-34.05907219746895
2025-08-17,31.0310001373291,16.8,1.1999999999999993,64.38852301893795,-33.357522881608844
2025-08-18,31.27199935913086,18.7,0.0,65.09007233479805,-33.81807297566719
2025-08-19,31.226999282836914,18.8,0.0,65.09007233479805,-33.86307305196114
2025-08-20,31.9060001373291,18.2,0.0,65.09007233479805,-33.18407219746895
2025-08-21,33.17499923706055,16.4,1.6000000000000014,64.15467324698457,-30.979674009924025
2025-08-22,33.573001861572266,15.4,2.5999999999999996,63.57004881710116,-29.997046955528894
2025-08-23,33.573001861572266,15.3,2.6999999999999993,63.51158637411282,-29.93858451254055
2025-08-24,33.573001861572266,15.0,3.0,63.33619904514779,-29.76319718357552
2025-08-25,33.77399826049805,16.9,1.1000000000000014,64.44698546192629,-30.672987201428242
2025-08-26,33.459999084472656,19.2,0.0,65.09007233479805,-31.630073250325395
2025-08-27,32.55099868774414,19.4,0.0,65.09007233479805,-32.53907364705391
2025-08-28,31.55900001525879,17.6,0.3999999999999986,64.85622256284468,-33.29722254758589
2025-08-29,31.621999740600586,16.7,1.3000000000000007,64.3300605759496,-32.708060835349016
2025-08-30,31.621999740600586,17.8,0.1999999999999993,64.97314744882136,-33.35114770822078
2025-08-31,31.621999740600586,19.1,0.0,65.09007233479805,-33.468072594197466
2025-09-01,31.621999740600586,18.3,0.0,65.09007233479805,-33.468072594197466
2025-09-02,31.77199935913086,17.4,0.6000000000000014,64.73929767686799,-32.96729831773713
2025-09-03,32.11199951171875,18.5,0.0,65.09007233479805,-32.9780728230793
2025-09-04,32.4119987487793,17.7,0.3000000000000007,64.91468500583302,-32.502686257053725
2025-09-05,31.9689998626709,16.5,1.5,64.21313568997292,-32.24413582730202
2025-09-06,31.9689998626709,16.6,1.3999999999999986,64.27159813296126,-32.30259827029036
2025-09-07,31.9689998626709,19.9,0.0,65.09007233479805,-33.12107247212715
2025-09-08,33.06399917602539,18.9,0.0,65.09007233479805,-32.02607315877266
2025-09-09,32.930999755859375,13.6,4.4,62.517724843311,-29.586725087451626
2025-09-10,33.12200164794922,14.7,3.3000000000000007,63.160811716182764,-30.038810068233545
2025-09-11,32.323001861572266,15.3,2.6999999999999993,63.51158637411282,-31.18858451254055
2025-09-12,32.6619987487793,14.2,3.8000000000000007,62.868499501241054,-30.206500752461757
2025-09-13,32.6619987487793,14.0,4.0,62.75157461526437,-30.08957586648507
2025-09-14,32.6619987487793,14.6,3.4000000000000004,63.10234927319442,-30.440350524415123
2025-09-15,32.15399932861328,16.2,1.8000000000000007,64.0377483610079,-31.88374903239462
2025-09-16,32.32899856567383,14.5,3.5,63.04388683020608,-30.71488826453225
2025-09-17,32.4010009765625,15.0,3.0,63.33619904514779,-30.935198068585287
2025-09-18,32.95199966430664,18.1,0.0,65.09007233479805,-32.13807267049141
2025-09-19,32.30799865722656,19.2,0.0,65.09007233479805,-32.78207367757149
2025-09-20,32.30799865722656,19.3,0.0,65.09007233479805,-32.78207367757149
2025-09-21,32.30799865722656,14.5,3.5,63.04388683020608,-30.735888172979514
2025-09-22,31.8439998626709,11.9,6.1,61.523863312509185,-29.679863449838287
2025-09-23,32.26499938964844,12.1,5.9,61.640788198485865,-29.375788808837427
2025-09-24,31.902999877929688,11.9,6.1,61.523863312509185,-29.620863434579498
2025-09-25,32.45600128173828,12.0,6.0,61.58232575549752,-29.12632447375924
2025-09-26,32.696998596191406,12.2,5.800000000000001,61.69925064147421,-29.002252045282802
2025-09-27,32.696998596191406,12.1,5.9,61.640788198485865,-28.94378960229446
2025-09-28,32.696998596191406,12.9,5.1,62.108487742392605,-29.4114891462012
2025-09-29,32.060001373291016,12.8,5.199999999999999,62.05002529940426,-29.990023926113246
2025-09-30,31.410999298095703,12.7,5.300000000000001,61.99156285641592,-30.580563558320215
2025-10-01,31.334999084472656,11.2,6.800000000000001,61.11462621159079,-29.779627127118133
2025-10-02,31.454999923706055,11.7,6.300000000000001,61.4069384265325,-29.951938502826444
2025-10-03,31.437999725341797,11.4,6.6,61.231551097567475,-29.79355137222568
2025-10-04,31.437999725341797,13.1,4.9,62.22541262836929,-30.787412903027494
2025-10-05,31.437999725341797,12.6,5.4,61.933100413427574,-30.495100688085778
2025-10-06,33.11600112915039,14.4,3.5999999999999996,62.98542438721773,-29.869423258067343
2025-10-07,33.24599838256836,15.3,2.6999999999999993,63.51158637411282,-30.265587991544457
2025-10-08,32.70000076293945,14.3,3.6999999999999993,62.9269619442294,-30.226961181289944
2025-10-09,32.362998962402344,13.3,4.699999999999999,62.34233751434597,-29.979338551943627
2025-10-10,32.16999816894531,14.6,3.4000000000000004,63.10234927319442,-30.932351104249108
2025-10-11,32.16999816894531,14.3,3.6999999999999993,62.9269619442294,-30.756963775284085
2025-10-12,32.16999816894531,14.4,3.5999999999999996,62.98542438721773,-30.81542621827242
2025-10-13,31.475000381469727,14.1,3.9000000000000004,62.81003705825271,-31.335036676782984
2025-10-14,31.801000595092773,13.6,4.4,62.517724843311,-30.716724248218227
2025-10-15,31.826000213623047,13.1,4.9,62.22541262836929,-30.399412414746244
2025-10-16,32.37799835205078,12.3,5.699999999999999,61.75771308446255,-29.37971473241177
2025-10-17,31.81599998474121,11.9,6.1,61.523863312509185,-29.707863327767974
2025-10-18,31.81599998474121,10.0,8.0,60.41307689573068,-28.597076910989472
2025-10-19,31.81599998474121,10.4,7.6,60.64692666768405,-28.830926682942838
2025-10-20,31.73900032043457,14.0,4.0,62.75157461526437,-31.012574294829797
2025-10-21,32.20000076293945,13.3,4.699999999999999,62.34233751434597,-30.142336751406518
2025-10-22,31.76799964904785,12.4,5.6,61.816175527450895,-30.048175878403043
2025-10-23,32.45399856567383,11.8,6.199999999999999,61.46540086952084,-29.011402303847014
2025-10-24,32.01599884033203,9.7,8.3,60.23768956676565,-28.22169072643362
2025-10-25,32.01599884033203,9.4,8.6,60.06230223780063,-28.0463033974686
2025-10-26,32.01599884033203,9.0,9.0,59.82845246584726,-27.812453625515232
2025-10-27,31.399999618530273,9.8,8.2,60.296152009753996,-28.896152391223723
2025-10-28,31.493999481201172,11.8,6.199999999999999,61.46540086952084,-29.97140138831967
2025-10-29,31.868999481201172,11.4,6.6,61.231551097567475,-29.362551616366304
2025-10-30,31.04800033569336,10.1,7.9,60.471539338719026,-29.423539003025667
2025-10-31,31.121999740600586,10.6,7.4,60.763851553660736,-29.64185181306015
2025-11-01,31.121999740600586,12.0,6.0,61.58232575549752,-30.460326014896935
2025-11-02,31.121999740600586,10.2,7.800000000000001,60.53000178170737,-29.408002041106784
2025-11-03,31.740999221801758,10.5,7.5,60.70538911067239,-28.964389888870635
2025-11-04,32.55099868774414,13.6,4.4,62.517724843311,-29.96672615556686
2025-11-05,31.819000244140625,13.3,4.699999999999999,62.34233751434597,-30.523337270205346
2025-11-06,31.54800033569336,10.9,7.1,60.93923888262576,-29.3912385469324
2025-11-07,31.201000213623047,10.8,7.199999999999999,60.88077643963742,-29.679776226014376
2025-11-08,31.201000213623047,9.6,8.4,60.179227123777316,-28.97822691015427
2025-11-09,31.201000213623047,10.6,7.4,60.763851553660736,-29.56285134003769
2025-11-10,31.070999145507812,8.7,9.3,59.65306513688223,-28.58206599137442
2025-11-11,31.101999282836914,10.3,7.699999999999999,60.58846422469571,-29.4864649418588
2025-11-12,30.933000564575195,12.2,5.800000000000001,61.69925064147421,-30.766250076899013
2025-11-13,30.45800018310547,13.0,5.0,62.16695018538095,-31.70895000227548
2025-11-14,31.25,10.3,7.699999999999999,60.58846422469571,-29.338464224695713
2025-11-15,31.25,7.8,10.2,59.12690314998716,-27.876903149987157
2025-11-16,31.25,6.4,11.6,58.308428948150365,-27.058428948150365
2025-11-17,31.417999267578125,5.9,12.1,58.016116733208655,-26.59811746563053
2025-11-18,31.694000244140625,4.7,13.3,57.31456741734855,-25.620567173207924
2025-11-19,30.940000534057617,4.3,13.7,57.08071764539518,-26.140717111337565
2025-11-20,31.159000396728516,1.8,16.2,55.61915657068663,-24.46015617395811
2025-11-21,30.197999954223633,2.0,16.0,55.736081456663314,-25.53808150243968
2025-11-22,30.197999954223633,1.6,16.4,55.50223168470995,-25.304231730486315
2025-11-23,30.197999954223633,2.0,16.0,55.736081456663314,-25.53808150243968
2025-11-24,29.746999740600586,3.9,14.1,56.846867873441816,-27.09986813284123
2025-11-25,29.38599967956543,3.7,14.3,56.72994298746513,-27.3439433078997
2025-11-26,29.368000030517578,3.1,14.9,56.37916832953508,-27.0111682990175
2025-11-27,29.368000030517578,6.6,11.4,58.42535383412705,-29.057353803609473
2025-11-28,28.816999435424805,9.6,8.4,60.179227123777316,-31.36222768835251
2025-11-29,28.816999435424805,9.0,9.0,59.82845246584726,-31.01145303042246
2025-11-30,28.816999435424805,7.0,11.0,58.65920360608042,-29.842204170655613
2025-12-01,28.226999282836914,5.6,12.4,57.84072940424363,-29.613730121406718
2025-12-02,28.049999237060547,7.2,10.8,58.776128492057104,-30.726129254996557
2025-12-03,28.20599937438965,6.6,11.4,58.42535383412705,-30.219354459737403
2025-12-04,27.08799934387207,6.0,12.0,58.074579176197,-30.986579832324928
2025-12-05,27.266000747680664,4.1,13.9,56.963792759418496,-29.697792011737832
2025-12-06,27.266000747680664,7.9,10.1,59.1853655929755,-31.919364845294837
2025-12-07,27.266000747680664,10.1,7.9,60.471539338719026,-33.20553859103836
2025-12-08,26.871000289916992,11.7,6.300000000000001,61.4069384265325,-34.535938136615506
2025-12-09,27.48900032043457,12.1,5.9,61.640788198485865,-34.151787878051294
2025-12-10,26.601999282836914,11.5,6.5,61.29001354055581,-34.6880142577189
2025-12-11,26.80500030517578,8.1,9.9,59.30229047895218,-32.4972901737764
2025-12-12,27.68400001525879,8.2,9.8,59.360752921940524,-31.676752906681735
2025-12-13,27.68400001525879,7.8,10.2,59.12690314998716,-31.44290313472837
2025-12-14,27.68400001525879,6.5,11.5,58.36689139113871,-30.68289137587992
2025-12-15,27.424999237060547,6.7,11.3,58.483816277115395,-31.058817040054848
2025-12-16,26.763999938964844,7.9,10.1,59.1853655929755,-32.42136565401066
2025-12-17,27.35700035095215,8.0,10.0,59.243828035963844,-31.886827685011696
2025-12-18,27.652000427246094,9.7,8.3,60.23768956676565,-32.58568913951956
2025-12-19,28.160999298095703,9.4,8.6,60.06230223780063,-31.901302939704927
2025-12-20,28.160999298095703,5.2,12.8,57.60687963229026,-29.445880334194555
2025-12-21,28.160999298095703,8.1,9.9,59.30229047895218,-31.141291180856477
2025-12-22,27.687000274658203,5.6,12.4,57.84072940424363,-30.15372912958543
2025-12-23,27.73200035095215,4.4,13.6,57.139180088383526,-29.407179737431377
2025-12-24,28.094999313354492,1.1,16.9,55.20991946976824,-27.114920156413746
2025-12-25,28.094999313354492,-2.1,20.1,53.339121294141286,-25.244121980786794
2025-12-26,28.094999313354492,-1.8,19.8,53.51450862310631,-25.419509309751817
2025-12-27,28.094999313354492,1.6,16.4,55.50223168470995,-27.407232371355455
2025-12-28,28.094999313354492,1.7,16.3,55.560694127698284,-27.46569481434379
2025-12-29,28.534000396728516,3.7,14.3,56.72994298746513,-28.195942590736614
2025-12-30,27.766000747680664,3.6,14.4,56.671480544476786,-28.905479796796122
